2699.1	0.00080794								
2698.5	0.00084585								
2697.8	0.00087504								
2697.1	0.00089586								
2696.5	0.00090892								
2695.8	0.00091501								
2695.1	0.00091506								
2694.5	0.00091014								
2693.8	0.00090136								
2693.2	0.00088988								
2692.5	0.00087681								
2691.8	0.00086318								
2691.2	0.00084995								
2690.5	0.00083787								
2689.8	0.00082755								
2689.2	0.00081938								
2688.5	0.00081354								
2687.8	0.00080997								
2687.2	0.00080842								
2686.5	0.00080840								
2685.8	0.00080926								
2685.2	0.00081019								
2684.5	0.00081026								
2683.9	0.00080848								
2683.2	0.00080382								
2682.5	0.00079528								
2681.8	0.00078192								
2681.2	0.00076292								
2680.5	0.00073764								
2679.9	0.00070563								
2679.2	0.00066664								
2678.5	0.00062071								
2677.9	0.00056813								
2677.2	0.00050948								
2676.5	0.00044556								
2675.9	0.00037746								
2675.2	0.00030646								
2674.5	0.00023404								
2673.9	0.00016181								
2673.2	9.1456e-05								
2672.5	2.4709e-05								
2671.9	-3.6734e-05								
2671.2	-9.1258e-05								
2670.6	-0.00013741								
2669.9	-0.00017390								
2669.2	-0.00019974								
2668.6	-0.00021418								
2667.9	-0.00021683								
2667.2	-0.00020763								
2666.6	-0.00018687								
2665.9	-0.00015522								
2665.2	-0.00011367								
2664.6	-6.3531e-05								
2663.9	-6.4100e-06								
2663.2	5.5865e-05								
2662.6	0.00012128								
2661.9	0.00018770								
2661.2	0.00025295								
2660.6	0.00031486								
2659.9	0.00037136								
2659.3	0.00042052								
2658.6	0.00046065								
2657.9	0.00049034								
2657.3	0.00050851								
2656.6	0.00051443								
2655.9	0.00050779								
2655.3	0.00048870								
2654.6	0.00045766								
2653.9	0.00041559								
2653.3	0.00036379								
2652.6	0.00030392								
2651.9	0.00023790								
2651.3	0.00016792								
2650.6	9.6343e-05								
2650.0	2.5605e-05								
2649.3	-4.1809e-05								
2648.6	-0.00010349								
2648.0	-0.00015714								
2647.3	-0.00020067								
2646.6	-0.00023228								
2646.0	-0.00025049								
2645.3	-0.00025421								
2644.6	-0.00024276								
2644.0	-0.00021592								
2643.3	-0.00017393								
2642.6	-0.00011751								
2642.0	-4.7806e-05								
2641.3	3.3601e-05								
2640.6	0.00012476								
2640.0	0.00022339								
2639.3	0.00032691								
2638.6	0.00043259								
2638.0	0.00053753								
2637.3	0.00063882								
2636.7	0.00073357								
2636.0	0.00081901								
2635.3	0.00089256								
2634.7	0.00095192								
2634.0	0.00099510								
2633.3	0.0010200								
2632.7	0.0010300								
2632.0	0.0010100								
2631.3	0.00098123								
2630.7	0.00092897								
2630.0	0.00085807								
2629.3	0.00076982								
2628.7	0.00066597								
2628.0	0.00054870								
2627.4	0.00042051								
2626.7	0.00028424								
2626.0	0.00014296								
2625.4	-1.0805e-07								
2624.7	-0.00014164								
2624.0	-0.00027830								
2623.4	-0.00040682								
2622.7	-0.00052408								
2622.0	-0.00062714								
2621.4	-0.00071337								
2620.7	-0.00078046								
2620.0	-0.00082648								
2619.4	-0.00084993								
2618.7	-0.00084977								
2618.0	-0.00082545								
2617.4	-0.00077688								
2616.7	-0.00070446								
2616.1	-0.00060910								
2615.4	-0.00049211								
2614.7	-0.00035526								
2614.1	-0.00020068								
2613.4	-3.0839e-05								
2612.7	0.00015151								
2612.1	0.00034342								
2611.4	0.00054175								
2610.7	0.00074330								
2610.1	0.00094483								
2609.4	0.0011400								
2608.7	0.0013400								
2608.1	0.0015200								
2607.4	0.0016900								
2606.8	0.0018500								
2606.1	0.0019900								
2605.4	0.0021100								
2604.7	0.0022100								
2604.1	0.0022900								
2603.4	0.0023500								
2602.8	0.0023900								
2602.1	0.0024000								
2601.4	0.0024000								
2600.8	0.0023800								
2600.1	0.0023300								
2599.4	0.0022700								
2598.8	0.0022000								
2598.1	0.0021100								
2597.4	0.0020100								
2596.8	0.0019000								
2596.1	0.0017900								
2595.4	0.0016700								
2594.8	0.0015500								
2594.1	0.0014200								
2593.5	0.0013000								
2592.8	0.0011900								
2592.1	0.0010700								
2591.5	0.00096690								
2590.8	0.00086815								
2590.1	0.00077732								
2589.5	0.00069481								
2588.8	0.00062075								
2588.1	0.00055497								
2587.5	0.00049709								
2586.8	0.00044644								
2586.1	0.00040217								
2585.5	0.00036328								
2584.8	0.00032860								
2584.1	0.00029692								
2583.5	0.00026693								
2582.8	0.00023736								
2582.2	0.00020696								
2581.5	0.00017458								
2580.8	0.00013917								
2580.2	9.9861e-05								
2579.5	5.5948e-05								
2578.8	6.9407e-06								
2578.2	-4.7422e-05								
2577.5	-0.00010717								
2576.8	-0.00017209								
2576.2	-0.00024172								
2575.5	-0.00031538								
2574.8	-0.00039217								
2574.2	-0.00047100								
2573.5	-0.00055061								
2572.9	-0.00062961								
2572.2	-0.00070651								
2571.5	-0.00077975								
2570.9	-0.00084778								
2570.2	-0.00090902								
2569.5	-0.00096200								
2568.9	-0.0010100								
2568.2	-0.0010400								
2567.5	-0.0010600								
2566.9	-0.0010700								
2566.2	-0.0010600								
2565.5	-0.0010400								
2564.9	-0.0010100								
2564.2	-0.00095679								
2563.5	-0.00089490								
2562.9	-0.00082005								
2562.2	-0.00073317								
2561.5	-0.00063545								
2560.9	-0.00052832								
2560.2	-0.00041341								
2559.6	-0.00029253								
2558.9	-0.00016765								
2558.2	-4.0865e-05								
2557.6	8.5672e-05								
2556.9	0.00020976								
2556.2	0.00032922								
2555.6	0.00044189								
2554.9	0.00054573								
2554.2	0.00063880								
2553.6	0.00071936								
2552.9	0.00078586								
2552.2	0.00083702								
2551.6	0.00087181								
2550.9	0.00088954								
2550.3	0.00088982								
2549.6	0.00087262								
2548.9	0.00083826								
2548.3	0.00078745								
2547.6	0.00072122								
2546.9	0.00064099								
2546.3	0.00054850								
2545.6	0.00044581								
2544.9	0.00033526								
2544.3	0.00021944								
2543.6	0.00010114								
2542.9	-1.6722e-05								
2542.3	-0.00013112								
2541.6	-0.00023899								
2540.9	-0.00033731								
2540.3	-0.00042318								
2539.6	-0.00049385								
2539.0	-0.00054681								
2538.3	-0.00057987								
2537.6	-0.00059119								
2537.0	-0.00057935								
2536.3	-0.00054343								
2535.6	-0.00048297								
2535.0	-0.00039811								
2534.3	-0.00028949								
2533.6	-0.00015835								
2533.0	-6.4608e-06								
2532.3	0.00016386								
2531.6	0.00034981								
2531.0	0.00054815								
2530.3	0.00075526								
2529.6	0.00096720								
2529.0	0.0011800								
2528.3	0.0013900								
2527.6	0.0015900								
2527.0	0.0017800								
2526.3	0.0019500								
2525.7	0.0021100								
2525.0	0.0022400								
2524.3	0.0023400								
2523.7	0.0024200								
2523.0	0.0024600								
2522.3	0.0024800								
2521.7	0.0024700								
2521.0	0.0024200								
2520.3	0.0023500								
2519.7	0.0022500								
2519.0	0.0021300								
2518.3	0.0019900								
2517.7	0.0018300								
2517.0	0.0016600								
2516.4	0.0014800								
2515.7	0.0013000								
2515.0	0.0011200								
2514.4	0.00095663								
2513.7	0.00080188								
2513.0	0.00066442								
2512.4	0.00054815								
2511.7	0.00045637								
2511.0	0.00039163								
2510.4	0.00035571								
2509.7	0.00034952								
2509.0	0.00037307								
2508.4	0.00042545								
2507.7	0.00050484								
2507.0	0.00060857								
2506.4	0.00073318								
2505.7	0.00087448								
2505.1	0.0010300								
2504.4	0.0011900								
2503.7	0.0013500								
2503.1	0.0015100								
2502.4	0.0016500								
2501.7	0.0017800								
2501.1	0.0018900								
2500.4	0.0019800								
2499.7	0.0020300								
2499.1	0.0020600								
2498.4	0.0020500								
2497.7	0.0020000								
2497.1	0.0019200								
2496.4	0.0018000								
2495.8	0.0016500								
2495.1	0.0014700								
2494.4	0.0012600								
2493.8	0.0010300								
2493.1	0.00078067								
2492.4	0.00052299								
2491.8	0.00026077								
2491.1	4.3856e-07								
2490.4	-0.00025153								
2489.8	-0.00048886								
2489.1	-0.00070565								
2488.4	-0.00089653								
2487.8	-0.0010600								
2487.1	-0.0011800								
2486.4	-0.0012700								
2485.8	-0.0013200								
2485.1	-0.0013300								
2484.4	-0.0013000								
2483.8	-0.0012400								
2483.1	-0.0011300								
2482.5	-0.0010000								
2481.8	-0.00084094								
2481.1	-0.00065988								
2480.5	-0.00046336								
2479.8	-0.00025773								
2479.1	-4.9554e-05								
2478.5	0.00015457								
2477.8	0.00034823								
2477.1	0.00052535								
2476.5	0.00068045								
2475.8	0.00080874								
2475.1	0.00090630								
2474.5	0.00097018								
2473.8	0.00099852								
2473.1	0.00099055								
2472.5	0.00094670								
2471.8	0.00086845								
2471.2	0.00075841								
2470.5	0.00062014								
2469.8	0.00045813								
2469.2	0.00027753								
2468.5	8.4114e-05								
2467.8	-0.00011598								
2467.2	-0.00031643								
2466.5	-0.00051089								
2465.8	-0.00069325								
2465.2	-0.00085777								
2464.5	-0.00099929								
2463.8	-0.0011100								
2463.2	-0.0012000								
2462.5	-0.0012500								
2461.9	-0.0012600								
2461.2	-0.0012400								
2460.5	-0.0011800								
2459.9	-0.0010900								
2459.2	-0.00097128								
2458.5	-0.00082331								
2457.9	-0.00065248								
2457.2	-0.00046377								
2456.5	-0.00026267								
2455.9	-5.4918e-05								
2455.2	0.00015359								
2454.5	0.00035706								
2453.9	0.00054997								
2453.2	0.00072719								
2452.5	0.00088422								
2451.9	0.0010200								
2451.2	0.0011200								
2450.6	0.0012000								
2449.9	0.0012500								
2449.2	0.0012700								
2448.6	0.0012500								
2447.9	0.0012100								
2447.2	0.0011500								
2446.6	0.0010700								
2445.9	0.00096440								
2445.2	0.00085085								
2444.6	0.00073010								
2443.9	0.00060726								
2443.2	0.00048746								
2442.6	0.00037565								
2441.9	0.00027640								
2441.3	0.00019384								
2440.6	0.00013143								
2439.9	9.1929e-05								
2439.3	7.7269e-05								
2438.6	8.8516e-05								
2437.9	0.00012584								
2437.3	0.00018852								
2436.6	0.00027499								
2435.9	0.00038288								
2435.3	0.00050911								
2434.6	0.00065003								
2433.9	0.00080150								
2433.3	0.00095907								
2432.6	0.0011200								
2431.9	0.0012700								
2431.3	0.0014200								
2430.6	0.0015600								
2429.9	0.0016800								
2429.3	0.0017800								
2428.6	0.0018600								
2428.0	0.0019200								
2427.3	0.0019500								
2426.6	0.0019600								
2426.0	0.0019400								
2425.3	0.0019000								
2424.6	0.0018400								
2424.0	0.0017500								
2423.3	0.0016600								
2422.6	0.0015500								
2422.0	0.0014300								
2421.3	0.0013000								
2420.6	0.0011800								
2420.0	0.0010500								
2419.3	0.00093418								
2418.7	0.00082576								
2418.0	0.00072913								
2417.3	0.00064643								
2416.7	0.00057920								
2416.0	0.00052832								
2415.3	0.00049406								
2414.7	0.00047600								
2414.0	0.00047313								
2413.3	0.00048387								
2412.7	0.00050615								
2412.0	0.00053753								
2411.3	0.00057525								
2410.7	0.00061639								
2410.0	0.00065794								
2409.3	0.00069698								
2408.7	0.00073075								
2408.0	0.00075676								
2407.4	0.00077288								
2406.7	0.00077748								
2406.0	0.00076941								
2405.4	0.00074808								
2404.7	0.00071351								
2404.0	0.00066629								
2403.4	0.00060756								
2402.7	0.00053901								
2402.0	0.00046279								
2401.4	0.00038141								
2400.7	0.00029770								
2400.0	0.00021467								
2399.4	0.00013544								
2398.7	6.3064e-05								
2398.0	4.8623e-07								
2397.4	-4.9589e-05								
2396.7	-8.4817e-05								
2396.0	-0.00010326								
2395.4	-0.00010350								
2394.7	-8.4636e-05								
2394.1	-4.6386e-05								
2393.4	1.0939e-05								
2392.7	8.6434e-05								
2392.1	0.00017861								
2391.4	0.00028546								
2390.7	0.00040448								
2390.1	0.00053277								
2389.4	0.00066713								
2388.7	0.00080415								
2388.1	0.00094028								
2387.4	0.0010700								
2386.7	0.0012000								
2386.1	0.0013100								
2385.4	0.0014100								
2384.8	0.0014900								
2384.1	0.0015500								
2383.4	0.0015900								
2382.8	0.0016100								
2382.1	0.0016100								
2381.4	0.0015900								
2380.8	0.0015400								
2380.1	0.0014800								
2379.4	0.0013900								
2378.8	0.0012900								
2378.1	0.0011700								
2377.4	0.0010400								
2376.8	0.00089796								
2376.1	0.00075084								
2375.4	0.00059996								
2374.8	0.00044823								
2374.1	0.00029850								
2373.5	0.00015340								
2372.8	1.5365e-05								
2372.1	-0.00011347								
2371.5	-0.00023130								
2370.8	-0.00033664								
2370.1	-0.00042838								
2369.5	-0.00050575								
2368.8	-0.00056836								
2368.1	-0.00061615								
2367.5	-0.00064936								
2366.8	-0.00066851								
2366.1	-0.00067437								
2365.5	-0.00066791								
2364.8	-0.00065025								
2364.2	-0.00062264								
2363.5	-0.00058640								
2362.8	-0.00054288								
2362.2	-0.00049346								
2361.5	-0.00043945								
2360.8	-0.00038216								
2360.2	-0.00032281								
2359.5	-0.00026253								
2358.8	-0.00020237								
2358.2	-0.00014330								
2357.5	-8.6170e-05								
2356.8	-3.1770e-05								
2356.2	1.9217e-05								
2355.5	6.6178e-05								
2354.8	0.00010858								
2354.2	0.00014594								
2353.5	0.00017785								
2352.8	0.00020397								
2352.2	0.00022401								
2351.5	0.00023775								
2350.9	0.00024503								
2350.2	0.00024579								
2349.5	0.00024004								
2348.9	0.00022790								
2348.2	0.00020957								
2347.5	0.00018541								
2346.9	0.00015587								
2346.2	0.00012155								
2345.5	8.3199e-05								
2344.9	4.1669e-05								
2344.2	-2.0466e-06								
2343.5	-4.6850e-05								
2342.9	-9.1541e-05								
2342.2	-0.00013485								
2341.5	-0.00017547								
2340.9	-0.00021208								
2340.2	-0.00024338								
2339.6	-0.00026816								
2338.9	-0.00028528								
2338.2	-0.00029379								
2337.6	-0.00029290								
2336.9	-0.00028204								
2336.2	-0.00026093								
2335.6	-0.00022952								
2334.9	-0.00018809								
2334.2	-0.00013722								
2333.6	-7.7774e-05								
2332.9	-1.0926e-05								
2332.2	6.1878e-05								
2331.6	0.00013897								
2330.9	0.00021845								
2330.3	0.00029831								
2329.6	0.00037640								
2328.9	0.00045055								
2328.3	0.00051865								
2327.6	0.00057863								
2326.9	0.00062862								
2326.3	0.00066697								
2325.6	0.00069229								
2324.9	0.00070354								
2324.3	0.00070002								
2323.6	0.00068148								
2322.9	0.00064806								
2322.3	0.00060032								
2321.6	0.00053926								
2320.9	0.00046626								
2320.3	0.00038308								
2319.6	0.00029179								
2318.9	0.00019472								
2318.3	9.4405e-05								
2317.6	-6.5053e-06								
2317.0	-0.00010532								
2316.3	-0.00019937								
2315.6	-0.00028611								
2315.0	-0.00036317								
2314.3	-0.00042846								
2313.6	-0.00048020								
2313.0	-0.00051700								
2312.3	-0.00053789								
2311.6	-0.00054233								
2311.0	-0.00053026								
2310.3	-0.00050209								
2309.6	-0.00045867								
2309.0	-0.00040126								
2308.3	-0.00033152								
2307.7	-0.00025142								
2307.0	-0.00016319								
2306.3	-6.9267e-05								
2305.7	2.7810e-05								
2305.0	0.00012548								
2304.3	0.00022120								
2303.7	0.00031256								
2303.0	0.00039735								
2302.3	0.00047362								
2301.7	0.00053971								
2301.0	0.00059436								
2300.3	0.00063665								
2299.7	0.00066611								
2299.0	0.00068265								
2298.3	0.00068659								
2297.7	0.00067865								
2297.0	0.00065987								
2296.4	0.00063160								
2295.7	0.00059543								
2295.0	0.00055314								
2294.4	0.00050664								
2293.7	0.00045787								
2293.0	0.00040876								
2292.4	0.00036118								
2291.7	0.00031682								
2291.0	0.00027723								
2290.4	0.00024368								
2289.7	0.00021719								
2289.0	0.00019847								
2288.4	0.00018795								
2287.7	0.00018574								
2287.1	0.00019164								
2286.4	0.00020522								
2285.7	0.00022578								
2285.1	0.00025241								
2284.4	0.00028408								
2283.7	0.00031962								
2283.1	0.00035782								
2282.4	0.00039747								
2281.7	0.00043740								
2281.1	0.00047652								
2280.4	0.00051388								
2279.7	0.00054869								
2279.1	0.00058035								
2278.4	0.00060843								
2277.7	0.00063273								
2277.1	0.00065322								
2276.4	0.00067006								
2275.7	0.00068355								
2275.1	0.00069412								
2274.4	0.00070231								
2273.8	0.00070865								
2273.1	0.00071371								
2272.4	0.00071800								
2271.8	0.00072194								
2271.1	0.00072585								
2270.4	0.00072987								
2269.8	0.00073397								
2269.1	0.00073792								
2268.4	0.00074128								
2267.8	0.00074343								
2267.1	0.00074355								
2266.4	0.00074066								
2265.8	0.00073366								
2265.1	0.00072136								
2264.4	0.00070253								
2263.8	0.00067596								
2263.1	0.00064053								
2262.5	0.00059521								
2261.8	0.00053921								
2261.1	0.00047195								
2260.5	0.00039314								
2259.8	0.00030282								
2259.1	0.00020138								
2258.5	8.9587e-05								
2257.8	-3.1405e-05								
2257.1	-0.00016010								
2256.5	-0.00029462								
2255.8	-0.00043281								
2255.1	-0.00057223								
2254.5	-0.00071023								
2253.8	-0.00084403								
2253.2	-0.00097078								
2252.5	-0.0010900								
2251.8	-0.0011900								
2251.2	-0.0012800								
2250.5	-0.0013500								
2249.8	-0.0014000								
2249.2	-0.0014400								
2248.5	-0.0014500								
2247.8	-0.0014300								
2247.2	-0.0014000								
2246.5	-0.0013400								
2245.8	-0.0012600								
2245.2	-0.0011600								
2244.5	-0.0010400								
2243.8	-0.00091351								
2243.2	-0.00077082								
2242.5	-0.00061949								
2241.8	-0.00046299								
2241.2	-0.00030495								
2240.5	-0.00014901								
2239.9	1.2140e-06								
2239.2	0.00014229								
2238.5	0.00027103								
2237.9	0.00038457								
2237.2	0.00048044								
2236.5	0.00055668								
2235.9	0.00061184								
2235.2	0.00064502								
2234.5	0.00065591								
2233.9	0.00064479								
2233.2	0.00061250								
2232.5	0.00056041								
2231.9	0.00049040								
2231.2	0.00040478								
2230.6	0.00030623								
2229.9	0.00019770								
2229.2	8.2344e-05								
2228.6	-3.6563e-05								
2227.9	-0.00015575								
2227.2	-0.00027200								
2226.6	-0.00038226								
2225.9	-0.00048373								
2225.2	-0.00057391								
2224.6	-0.00065066								
2223.9	-0.00071226								
2223.2	-0.00075747								
2222.6	-0.00078547								
2221.9	-0.00079596								
2221.2	-0.00078908								
2220.6	-0.00076542								
2219.9	-0.00072598								
2219.3	-0.00067215								
2218.6	-0.00060558								
2217.9	-0.00052823								
2217.3	-0.00044219								
2216.6	-0.00034970								
2215.9	-0.00025303								
2215.3	-0.00015445								
2214.6	-5.6110e-05								
2213.9	3.9937e-05								
2213.3	0.00013187								
2212.6	0.00021808								
2211.9	0.00029724								
2211.3	0.00036828								
2210.6	0.00043047								
2210.0	0.00048335								
2209.3	0.00052678								
2208.6	0.00056089								
2207.9	0.00058604								
2207.3	0.00060287								
2206.6	0.00061214								
2206.0	0.00061481								
2205.3	0.00061193								
2204.6	0.00060460								
2204.0	0.00059398								
2203.3	0.00058118								
2202.6	0.00056728								
2202.0	0.00055329								
2201.3	0.00054011								
2200.6	0.00052851								
2200.0	0.00051915								
2199.3	0.00051254								
2198.6	0.00050905								
2198.0	0.00050892								
2197.3	0.00051227								
2196.7	0.00051909								
2196.0	0.00052931								
2195.3	0.00054276								
2194.7	0.00055922								
2194.0	0.00057843								
2193.3	0.00060012								
2192.7	0.00062401								
2192.0	0.00064982								
2191.3	0.00067731								
2190.7	0.00070625								
2190.0	0.00073646								
2189.3	0.00076776								
2188.7	0.00080004								
2188.0	0.00083317								
2187.3	0.00086705								
2186.7	0.00090159								
2186.0	0.00093669								
2185.4	0.00097220								
2184.7	0.0010100								
2184.0	0.0010400								
2183.4	0.0010800								
2182.7	0.0011100								
2182.0	0.0011500								
2181.4	0.0011800								
2180.7	0.0012100								
2180.0	0.0012400								
2179.4	0.0012700								
2178.7	0.0012900								
2178.0	0.0013100								
2177.4	0.0013300								
2176.7	0.0013400								
2176.1	0.0013500								
2175.4	0.0013500								
2174.7	0.0013400								
2174.1	0.0013300								
2173.4	0.0013100								
2172.7	0.0012900								
2172.1	0.0012600								
2171.4	0.0012300								
2170.7	0.0011900								
2170.1	0.0011500								
2169.4	0.0011100								
2168.7	0.0010600								
2168.1	0.0010100								
2167.4	0.00096119								
2166.7	0.00090990								
2166.1	0.00085871								
2165.4	0.00080825								
2164.8	0.00075903								
2164.1	0.00071148								
2163.4	0.00066588								
2162.8	0.00062239								
2162.1	0.00058102								
2161.4	0.00054166								
2160.8	0.00050405								
2160.1	0.00046781								
2159.4	0.00043246								
2158.8	0.00039744								
2158.1	0.00036213								
2157.4	0.00032589								
2156.8	0.00028810								
2156.1	0.00024817								
2155.5	0.00020559								
2154.8	0.00015997								
2154.1	0.00011103								
2153.5	5.8684e-05								
2152.8	3.0095e-06								
2152.1	-5.5716e-05								
2151.5	-0.00011702								
2150.8	-0.00018023								
2150.1	-0.00024449								
2149.5	-0.00030876								
2148.8	-0.00037185								
2148.1	-0.00043248								
2147.5	-0.00048927								
2146.8	-0.00054081								
2146.1	-0.00058570								
2145.5	-0.00062259								
2144.8	-0.00065025								
2144.1	-0.00066759								
2143.5	-0.00067371								
2142.8	-0.00066794								
2142.2	-0.00064989								
2141.5	-0.00061945								
2140.8	-0.00057680								
2140.2	-0.00052246								
2139.5	-0.00045725								
2138.8	-0.00038227								
2138.2	-0.00029893								
2137.5	-0.00020883								
2136.8	-0.00011384								
2136.2	-1.5922e-05								
2135.5	8.2815e-05								
2134.8	0.00018025								
2134.2	0.00027426								
2133.5	0.00036280								
2132.8	0.00044397								
2132.2	0.00051606								
2131.5	0.00057761								
2130.9	0.00062743								
2130.2	0.00066468								
2129.5	0.00068884								
2128.9	0.00069978								
2128.2	0.00069771								
2127.5	0.00068323								
2126.9	0.00065727								
2126.2	0.00062105								
2125.5	0.00057610								
2124.9	0.00052414								
2124.2	0.00046707								
2123.5	0.00040689								
2122.9	0.00034565								
2122.2	0.00028537								
2121.6	0.00022798								
2120.9	0.00017524								
2120.2	0.00012871								
2119.6	8.9701e-05								
2118.9	5.9190e-05								
2118.2	3.7834e-05								
2117.6	2.5923e-05								
2116.9	2.3377e-05								
2116.2	2.9755e-05								
2115.6	4.4260e-05								
2114.9	6.5758e-05								
2114.2	9.2841e-05								
2113.6	0.00012385								
2112.9	0.00015694								
2112.2	0.00019013								
2111.6	0.00022141								
2110.9	0.00024875								
2110.2	0.00027020								
2109.6	0.00028397								
2108.9	0.00028846								
2108.3	0.00028236								
2107.6	0.00026464								
2106.9	0.00023465								
2106.3	0.00019209								
2105.6	0.00013709								
2104.9	7.0157e-05								
2104.3	-7.8146e-06								
2103.6	-9.5555e-05								
2102.9	-0.00019145								
2102.3	-0.00029361								
2101.6	-0.00039989								
2100.9	-0.00050798								
2100.3	-0.00061543								
2099.6	-0.00071978								
2099.0	-0.00081859								
2098.3	-0.00090950								
2097.6	-0.00099033								
2097.0	-0.0010600								
2096.3	-0.0011100								
2095.6	-0.0011500								
2095.0	-0.0011800								
2094.3	-0.0011900								
2093.6	-0.0011800								
2093.0	-0.0011500								
2092.3	-0.0011100								
2091.6	-0.0010600								
2091.0	-0.00098694								
2090.3	-0.00090691								
2089.6	-0.00081750								
2089.0	-0.00072092								
2088.3	-0.00061953								
2087.7	-0.00051573								
2087.0	-0.00041194								
2086.3	-0.00031052								
2085.7	-0.00021370								
2085.0	-0.00012350								
2084.3	-4.1704e-05								
2083.7	3.0165e-05								
2083.0	9.0950e-05								
2082.3	0.00013981								
2081.7	0.00017628								
2081.0	0.00020026								
2080.3	0.00021201								
2079.7	0.00021212								
2079.0	0.00020150								
2078.4	0.00018133								
2077.7	0.00015301								
2077.0	0.00011813								
2076.3	7.8394e-05								
2075.7	3.5568e-05								
2075.0	-8.5710e-06								
2074.4	-5.2297e-05								
2073.7	-9.3991e-05								
2073.0	-0.00013218								
2072.4	-0.00016559								
2071.7	-0.00019318								
2071.0	-0.00021416								
2070.4	-0.00022800								
2069.7	-0.00023448								
2069.0	-0.00023364								
2068.4	-0.00022579								
2067.7	-0.00021147								
2067.0	-0.00019148								
2066.4	-0.00016677								
2065.7	-0.00013845								
2065.1	-0.00010771								
2064.4	-7.5817e-05								
2063.7	-4.4037e-05								
2063.1	-1.3586e-05								
2062.4	1.4393e-05								
2061.7	3.8892e-05								
2061.1	5.9062e-05								
2060.4	7.4240e-05								
2059.7	8.3971e-05								
2059.1	8.8026e-05								
2058.4	8.6409e-05								
2057.7	7.9341e-05								
2057.1	6.7265e-05								
2056.4	5.0813e-05								
2055.7	3.0794e-05								
2055.1	8.1483e-06								
2054.4	-1.6071e-05								
2053.8	-4.0761e-05								
2053.1	-6.4780e-05								
2052.4	-8.7016e-05								
2051.8	-0.00010641								
2051.1	-0.00012199								
2050.4	-0.00013294								
2049.8	-0.00013857								
2049.1	-0.00013837								
2048.4	-0.00013206								
2047.8	-0.00011952								
2047.1	-0.00010086								
2046.4	-7.6373e-05								
2045.8	-4.6544e-05								
2045.1	-1.2016e-05								
2044.5	2.6431e-05								
2043.8	6.7919e-05								
2043.1	0.00011149								
2042.5	0.00015616								
2041.8	0.00020092								
2041.1	0.00024486								
2040.5	0.00028707								
2039.8	0.00032681								
2039.1	0.00036344								
2038.5	0.00039647								
2037.8	0.00042559								
2037.1	0.00045066								
2036.5	0.00047173								
2035.8	0.00048902								
2035.1	0.00050288								
2034.5	0.00051384								
2033.8	0.00052252								
2033.1	0.00052962								
2032.5	0.00053592								
2031.8	0.00054218								
2031.2	0.00054917								
2030.5	0.00055760								
2029.8	0.00056807								
2029.2	0.00058109								
2028.5	0.00059701								
2027.8	0.00061604								
2027.2	0.00063819								
2026.5	0.00066330								
2025.8	0.00069105								
2025.2	0.00072093								
2024.5	0.00075230								
2023.8	0.00078438								
2023.2	0.00081630								
2022.5	0.00084714								
2021.9	0.00087593								
2021.2	0.00090175								
2020.5	0.00092373								
2019.9	0.00094109								
2019.2	0.00095319								
2018.5	0.00095958								
2017.9	0.00095999								
2017.2	0.00095438								
2016.5	0.00094294								
2015.9	0.00092609								
2015.2	0.00090452								
2014.5	0.00087909								
2013.9	0.00085089								
2013.2	0.00082118								
2012.5	0.00079134								
2011.9	0.00076282								
2011.2	0.00073713								
2010.6	0.00071574								
2009.9	0.00070007								
2009.2	0.00069138								
2008.6	0.00069077								
2007.9	0.00069912								
2007.2	0.00071702								
2006.6	0.00074476								
2005.9	0.00078232								
2005.2	0.00082931								
2004.6	0.00088501								
2003.9	0.00094835								
2003.2	0.0010200								
2002.6	0.0010900								
2001.9	0.0011700								
2001.2	0.0012500								
2000.6	0.0013200								
1999.9	0.0013900								
1999.2	0.0014600								
1998.6	0.0015100								
1997.9	0.0015600								
1997.3	0.0015900								
1996.6	0.0016100								
1995.9	0.0016100								
1995.3	0.0015900								
1994.6	0.0015600								
1993.9	0.0015100								
1993.3	0.0014300								
1992.6	0.0013500								
1991.9	0.0012400								
1991.3	0.0011200								
1990.6	0.00098530								
1989.9	0.00083932								
1989.3	0.00068407								
1988.6	0.00052204								
1988.0	0.00035582								
1987.3	0.00018810								
1986.6	2.1512e-05								
1986.0	-0.00014138								
1985.3	-0.00029815								
1984.6	-0.00044661								
1984.0	-0.00058480								
1983.3	-0.00071108								
1982.6	-0.00082415								
1982.0	-0.00092304								
1981.3	-0.0010100								
1980.6	-0.0010800								
1980.0	-0.0011300								
1979.3	-0.0011700								
1978.6	-0.0012000								
1978.0	-0.0012100								
1977.3	-0.0012100								
1976.7	-0.0012000								
1976.0	-0.0011800								
1975.3	-0.0011500								
1974.7	-0.0011200								
1974.0	-0.0010800								
1973.3	-0.0010400								
1972.7	-0.00098990								
1972.0	-0.00093961								
1971.3	-0.00088694								
1970.7	-0.00083222								
1970.0	-0.00077554								
1969.3	-0.00071684								
1968.7	-0.00065592								
1968.0	-0.00059242								
1967.4	-0.00052593								
1966.7	-0.00045600								
1966.0	-0.00038221								
1965.4	-0.00030419								
1964.7	-0.00022169								
1964.0	-0.00013463								
1963.4	-4.3106e-05								
1962.7	5.2525e-05								
1962.0	0.00015169								
1961.4	0.00025352								
1960.7	0.00035692								
1960.0	0.00046053								
1959.4	0.00056275								
1958.7	0.00066182								
1958.0	0.00075582								
1957.4	0.00084276								
1956.7	0.00092059								
1956.0	0.00098733								
1955.4	0.0010400								
1954.7	0.0010800								
1954.1	0.0011000								
1953.4	0.0011100								
1952.7	0.0011000								
1952.1	0.0010700								
1951.4	0.0010200								
1950.7	0.00095029								
1950.1	0.00086679								
1949.4	0.00076800								
1948.7	0.00065584								
1948.1	0.00053261								
1947.4	0.00040096								
1946.7	0.00026383								
1946.1	0.00012434								
1945.4	-1.4272e-05								
1944.8	-0.00014873								
1944.1	-0.00027582								
1943.4	-0.00039251								
1942.8	-0.00049600								
1942.1	-0.00058384								
1941.4	-0.00065397								
1940.8	-0.00070481								
1940.1	-0.00073530								
1939.4	-0.00074494								
1938.8	-0.00073380								
1938.1	-0.00070251								
1937.4	-0.00065226								
1936.8	-0.00058476								
1936.1	-0.00050218								
1935.4	-0.00040708								
1934.8	-0.00030237								
1934.1	-0.00019115								
1933.5	-7.6681e-05								
1932.8	3.7735e-05								
1932.1	0.00014889								
1931.5	0.00025371								
1930.8	0.00034940								
1930.1	0.00043348								
1929.5	0.00050391								
1928.8	0.00055910								
1928.1	0.00059798								
1927.5	0.00062002								
1926.8	0.00062524								
1926.1	0.00061420								
1925.5	0.00058797								
1924.8	0.00054808								
1924.1	0.00049649								
1923.5	0.00043548								
1922.8	0.00036759								
1922.1	0.00029554								
1921.5	0.00022212								
1920.8	0.00015012								
1920.2	8.2179e-05								
1919.5	2.0787e-05								
1918.8	-3.1872e-05								
1918.2	-7.3948e-05								
1917.5	-0.00010399								
1916.8	-0.00012099								
1916.2	-0.00012441								
1915.5	-0.00011418								
1914.8	-9.0693e-05								
1914.2	-5.4807e-05								
1913.5	-7.7797e-06								
1912.8	4.8779e-05								
1912.2	0.00011297								
1911.5	0.00018267								
1910.9	0.00025560								
1910.2	0.00032942								
1909.5	0.00040182								
1908.9	0.00047058								
1908.2	0.00053365								
1907.5	0.00058922								
1906.9	0.00063576								
1906.2	0.00067210								
1905.5	0.00069743								
1904.9	0.00071132								
1904.2	0.00071374								
1903.5	0.00070504								
1902.9	0.00068591								
1902.2	0.00065738								
1901.5	0.00062075								
1900.9	0.00057752								
1900.2	0.00052935								
1899.6	0.00047802								
1898.9	0.00042529								
1898.2	0.00037292								
1897.6	0.00032252								
1896.9	0.00027559								
1896.2	0.00023339								
1895.6	0.00019695								
1894.9	0.00016703								
1894.2	0.00014408								
1893.6	0.00012830								
1892.9	0.00011957								
1892.2	0.00011754								
1891.6	0.00012160								
1890.9	0.00013096								
1890.3	0.00014469								
1889.6	0.00016174								
1888.9	0.00018102								
1888.3	0.00020146								
1887.6	0.00022204								
1886.9	0.00024185								
1886.3	0.00026011								
1885.6	0.00027624								
1884.9	0.00028984								
1884.3	0.00030076								
1883.6	0.00030905								
1882.9	0.00031498								
1882.3	0.00031902								
1881.6	0.00032181								
1880.9	0.00032412								
1880.3	0.00032683								
1879.6	0.00033086								
1879.0	0.00033713								
1878.3	0.00034651								
1877.6	0.00035977								
1877.0	0.00037755								
1876.3	0.00040028								
1875.6	0.00042822								
1875.0	0.00046135								
1874.3	0.00049944								
1873.6	0.00054199								
1873.0	0.00058825								
1872.3	0.00063728								
1871.6	0.00068793								
1871.0	0.00073889								
1870.3	0.00078878								
1869.7	0.00083613								
1869.0	0.00087949								
1868.3	0.00091748								
1867.6	0.00094881								
1867.0	0.00097239								
1866.3	0.00098732								
1865.7	0.00099298								
1865.0	0.00098901								
1864.3	0.00097537								
1863.7	0.00095233								
1863.0	0.00092048								
1862.3	0.00088069								
1861.7	0.00083409								
1861.0	0.00078204								
1860.3	0.00072607								
1859.7	0.00066783								
1859.0	0.00060904								
1858.3	0.00055137								
1857.7	0.00049646								
1857.0	0.00044578								
1856.4	0.00040060								
1855.7	0.00036196								
1855.0	0.00033059								
1854.4	0.00030688								
1853.7	0.00029089								
1853.0	0.00028232								
1852.4	0.00028052								
1851.7	0.00028454								
1851.0	0.00029311								
1850.4	0.00030475								
1849.7	0.00031778								
1849.0	0.00033041								
1848.4	0.00034081								
1847.7	0.00034719								
1847.0	0.00034786								
1846.4	0.00034133								
1845.7	0.00032634								
1845.1	0.00030195								
1844.4	0.00026761								
1843.7	0.00022312								
1843.1	0.00016872								
1842.4	0.00010508								
1841.7	3.3264e-05								
1841.1	-4.5270e-05								
1840.4	-0.00012873								
1839.7	-0.00021505								
1839.1	-0.00030193								
1838.4	-0.00038695								
1837.7	-0.00046764								
1837.1	-0.00054159								
1836.4	-0.00060651								
1835.8	-0.00066034								
1835.1	-0.00070132								
1834.4	-0.00072810								
1833.8	-0.00073974								
1833.1	-0.00073580								
1832.4	-0.00071637								
1831.8	-0.00068206								
1831.1	-0.00063399								
1830.4	-0.00057378								
1829.8	-0.00050350								
1829.1	-0.00042560								
1828.4	-0.00034283								
1827.8	-0.00025815								
1827.1	-0.00017464								
1826.4	-9.5383e-05								
1825.8	-2.3348e-05								
1825.1	3.8698e-05								
1824.4	8.8319e-05								
1823.8	0.00012347								
1823.1	0.00014262								
1822.5	0.00014476								
1821.8	0.00012951								
1821.1	9.7099e-05								
1820.5	4.8391e-05								
1819.8	-1.5140e-05								
1819.1	-9.1452e-05								
1818.5	-0.00017798								
1817.8	-0.00027174								
1817.1	-0.00036941								
1816.5	-0.00046742								
1815.8	-0.00056212								
1815.1	-0.00064986								
1814.5	-0.00072713								
1813.8	-0.00079068								
1813.2	-0.00083763								
1812.5	-0.00086559								
1811.8	-0.00087271								
1811.2	-0.00085780								
1810.5	-0.00082033								
1809.8	-0.00076049								
1809.2	-0.00067915								
1808.5	-0.00057788								
1807.8	-0.00045888								
1807.2	-0.00032492								
1806.5	-0.00017923								
1805.8	-2.5436e-05								
1805.2	0.00013261								
1804.5	0.00029092								
1803.8	0.00044553								
1803.2	0.00059259								
1802.5	0.00072853								
1801.9	0.00085020								
1801.2	0.00095491								
1800.5	0.0010400								
1799.9	0.0011100								
1799.2	0.0011500								
1798.5	0.0011700								
1797.9	0.0011700								
1797.2	0.0011600								
1796.5	0.0011200								
1795.9	0.0010700								
1795.2	0.0010100								
1794.5	0.00094680								
1793.9	0.00087439								
1793.2	0.00080139								
1792.5	0.00073152								
1791.9	0.00066835								
1791.2	0.00061512								
1790.5	0.00057469								
1789.9	0.00054939								
1789.2	0.00054093								
1788.6	0.00055038								
1787.9	0.00057806								
1787.2	0.00062361								
1786.6	0.00068593								
1785.9	0.00076325								
1785.2	0.00085318								
1784.6	0.00095280								
1783.9	0.0010600								
1783.2	0.0011700								
1782.6	0.0012700								
1781.9	0.0013800								
1781.2	0.0014700								
1780.6	0.0015500								
1779.9	0.0016200								
1779.3	0.0016600								
1778.6	0.0016900								
1777.9	0.0016900								
1777.3	0.0016800								
1776.6	0.0016300								
1775.9	0.0015700								
1775.3	0.0014900								
1774.6	0.0013800								
1773.9	0.0012700								
1773.3	0.0011400								
1772.6	0.00099652								
1771.9	0.00085352								
1771.3	0.00071071								
1770.6	0.00057247								
1769.9	0.00044311								
1769.3	0.00032668								
1768.6	0.00022686								
1768.0	0.00014683								
1767.3	8.9170e-05								
1766.6	5.5770e-05								
1766.0	4.7759e-05								
1765.3	6.5463e-05								
1764.6	0.00010842								
1764.0	0.00017534								
1763.3	0.00026420								
1762.6	0.00037227								
1762.0	0.00049620								
1761.3	0.00063213								
1760.6	0.00077582								
1760.0	0.00092277								
1759.3	0.0010700								
1758.7	0.0012100								
1758.0	0.0013400								
1757.3	0.0014500								
1756.7	0.0015500								
1756.0	0.0016200								
1755.3	0.0016700								
1754.7	0.0017000								
1754.0	0.0017000								
1753.3	0.0016700								
1752.7	0.0016100								
1752.0	0.0015300								
1751.3	0.0014300								
1750.7	0.0013000								
1750.0	0.0011500								
1749.3	0.00099535								
1748.7	0.00082614								
1748.0	0.00065068								
1747.3	0.00047322								
1746.7	0.00029801								
1746.0	0.00012916								
1745.4	-2.9533e-05								
1744.7	-0.00017462								
1744.0	-0.00030313								
1743.4	-0.00041263								
1742.7	-0.00050131								
1742.0	-0.00056800								
1741.4	-0.00061218								
1740.7	-0.00063400								
1740.0	-0.00063425								
1739.4	-0.00061434								
1738.7	-0.00057618								
1738.0	-0.00052219								
1737.4	-0.00045516								
1736.7	-0.00037818								
1736.0	-0.00029454								
1735.4	-0.00020760								
1734.7	-0.00012074								
1734.1	-3.7220e-05								
1733.4	3.9890e-05								
1732.7	0.00010781								
1732.1	0.00016412								
1731.4	0.00020679								
1730.7	0.00023427								
1730.1	0.00024549								
1729.4	0.00023989								
1728.7	0.00021739								
1728.1	0.00017843								
1727.4	0.00012391								
1726.7	5.5131e-05								
1726.1	-2.6215e-05								
1725.4	-0.00011815								
1724.8	-0.00021842								
1724.1	-0.00032460								
1723.4	-0.00043419								
1722.8	-0.00054464								
1722.1	-0.00065343								
1721.4	-0.00075816								
1720.8	-0.00085659								
1720.1	-0.00094673								
1719.4	-0.0010300								
1718.8	-0.0011000								
1718.1	-0.0011500								
1717.4	-0.0011900								
1716.8	-0.0012200								
1716.1	-0.0012400								
1715.4	-0.0012400								
1714.8	-0.0012300								
1714.1	-0.0012100								
1713.4	-0.0011700								
1712.8	-0.0011300								
1712.1	-0.0010800								
1711.5	-0.0010300								
1710.8	-0.00096855								
1710.1	-0.00090820								
1709.5	-0.00084813								
1708.8	-0.00079027								
1708.1	-0.00073642								
1707.5	-0.00068824								
1706.8	-0.00064722								
1706.1	-0.00061462								
1705.5	-0.00059145								
1704.8	-0.00057844								
1704.1	-0.00057604								
1703.5	-0.00058435								
1702.8	-0.00060319								
1702.2	-0.00063205								
1701.5	-0.00067010								
1700.8	-0.00071622								
1700.2	-0.00076902								
1699.5	-0.00082685								
1698.8	-0.00088788								
1698.2	-0.00095007								
1697.5	-0.0010100								
1696.8	-0.0010700								
1696.2	-0.0011200								
1695.5	-0.0011700								
1694.8	-0.0012000								
1694.2	-0.0012300								
1693.5	-0.0012400								
1692.8	-0.0012300								
1692.2	-0.0012100								
1691.5	-0.0011700								
1690.9	-0.0011200								
1690.2	-0.0010500								
1689.5	-0.00096288								
1688.9	-0.00086054								
1688.2	-0.00074441								
1687.5	-0.00061639								
1686.9	-0.00047881								
1686.2	-0.00033436								
1685.5	-0.00018606								
1684.9	-3.7157e-05								
1684.2	0.00010893								
1683.5	0.00024869								
1682.9	0.00037863								
1682.2	0.00049534								
1681.6	0.00059563								
1680.9	0.00067659								
1680.2	0.00073570								
1679.5	0.00077090								
1678.9	0.00078070								
1678.2	0.00076417								
1677.6	0.00072109								
1676.9	0.00065189								
1676.2	0.00055771								
1675.6	0.00044038								
1674.9	0.00030239								
1674.2	0.00014687								
1673.6	-2.2522e-05								
1672.9	-0.00020165								
1672.2	-0.00038600								
1671.6	-0.00057081								
1670.9	-0.00075118								
1670.2	-0.00092221								
1669.6	-0.0010800								
1668.9	-0.0012200								
1668.3	-0.0013300								
1667.6	-0.0014200								
1666.9	-0.0014800								
1666.3	-0.0015100								
1665.6	-0.0015100								
1664.9	-0.0014700								
1664.3	-0.0014000								
1663.6	-0.0013000								
1662.9	-0.0011700								
1662.3	-0.0010100								
1661.6	-0.00082369								
1660.9	-0.00062247								
1660.3	-0.00040714								
1659.6	-0.00018291								
1658.9	4.4714e-05								
1658.3	0.00027016								
1657.6	0.00048788								
1657.0	0.00069258								
1656.3	0.00087929								
1655.6	0.0010400								
1655.0	0.0011800								
1654.3	0.0012900								
1653.6	0.0013700								
1653.0	0.0014100								
1652.3	0.0014200								
1651.6	0.0014000								
1651.0	0.0013500								
1650.3	0.0012700								
1649.6	0.0011700								
1649.0	0.0010400								
1648.3	0.00089664								
1647.7	0.00074088								
1647.0	0.00057823								
1646.3	0.00041397								
1645.7	0.00025332								
1645.0	0.00010130								
1644.3	-3.7443e-05								
1643.7	-0.00015880								
1643.0	-0.00025927								
1642.3	-0.00033612								
1641.7	-0.00038742								
1641.0	-0.00041213								
1640.3	-0.00041010								
1639.7	-0.00038206								
1639.0	-0.00032964								
1638.3	-0.00025521								
1637.7	-0.00016189								
1637.0	-5.3358e-05								
1636.3	6.6210e-05								
1635.7	0.00019235								
1635.0	0.00032041								
1634.4	0.00044576								
1633.7	0.00056389								
1633.0	0.00067064								
1632.4	0.00076226								
1631.7	0.00083558								
1631.0	0.00088811								
1630.4	0.00091813								
1629.7	0.00092470								
1629.0	0.00090775								
1628.4	0.00086802								
1627.7	0.00080709								
1627.0	0.00072726								
1626.4	0.00063151								
1625.7	0.00052339								
1625.1	0.00040687								
1624.4	0.00028625								
1623.7	0.00016596								
1623.1	5.0460e-05								
1622.4	-5.5948e-05								
1621.7	-0.00014925								
1621.1	-0.00022586								
1620.4	-0.00028272								
1619.7	-0.00031742								
1619.1	-0.00032826								
1618.4	-0.00031431								
1617.7	-0.00027545								
1617.1	-0.00021234								
1616.4	-0.00012639								
1615.7	-1.9742e-05								
1615.1	0.00010483								
1614.4	0.00024403								
1613.8	0.00039412								
1613.1	0.00055109								
1612.4	0.00071075								
1611.8	0.00086889								
1611.1	0.0010200								
1610.4	0.0011600								
1609.8	0.0012900								
1609.1	0.0014100								
1608.4	0.0015100								
1607.8	0.0015800								
1607.1	0.0016400								
1606.4	0.0016700								
1605.8	0.0016800								
1605.1	0.0016700								
1604.5	0.0016400								
1603.8	0.0016000								
1603.1	0.0015400								
1602.5	0.0014700								
1601.8	0.0013900								
1601.1	0.0013100								
1600.5	0.0012200								
1599.8	0.0011400								
1599.1	0.0010600								
1598.5	0.00098450								
1597.8	0.00092102								
1597.1	0.00086846								
1596.5	0.00082804								
1595.8	0.00080042								
1595.1	0.00078573								
1594.5	0.00078355								
1593.8	0.00079297								
1593.2	0.00081264								
1592.5	0.00084082								
1591.8	0.00087551								
1591.2	0.00091451								
1590.5	0.00095552								
1589.8	0.00099628								
1589.2	0.0010300								
1588.5	0.0010700								
1587.8	0.0011000								
1587.2	0.0011200								
1586.5	0.0011300								
1585.8	0.0011300								
1585.2	0.0011300								
1584.5	0.0011200								
1583.8	0.0011000								
1583.2	0.0010800								
1582.5	0.0010500								
1581.8	0.0010200								
1581.2	0.00099555								
1580.5	0.00097379								
1579.9	0.00095887								
1579.2	0.00095336								
1578.5	0.00095966								
1577.9	0.00097988								
1577.2	0.0010200								
1576.5	0.0010700								
1575.9	0.0011400								
1575.2	0.0012300								
1574.5	0.0013300								
1573.9	0.0014600								
1573.2	0.0016000								
1572.5	0.0017500								
1571.9	0.0019100								
1571.2	0.0020800								
1570.6	0.0022600								
1569.9	0.0024300								
1569.2	0.0026000								
1568.6	0.0027700								
1567.9	0.0029300								
1567.2	0.0030700								
1566.6	0.0032000								
1565.9	0.0033000								
1565.2	0.0033900								
1564.6	0.0034500								
1563.9	0.0034900								
1563.2	0.0035000								
1562.6	0.0034800								
1561.9	0.0034400								
1561.2	0.0033800								
1560.6	0.0033000								
1559.9	0.0031900								
1559.3	0.0030700								
1558.6	0.0029400								
1557.9	0.0027900								
1557.3	0.0026400								
1556.6	0.0024900								
1555.9	0.0023300								
1555.3	0.0021800								
1554.6	0.0020300								
1553.9	0.0018900								
1553.3	0.0017700								
1552.6	0.0016600								
1551.9	0.0015600								
1551.3	0.0014800								
1550.6	0.0014100								
1550.0	0.0013600								
1549.3	0.0013300								
1548.6	0.0013100								
1548.0	0.0013100								
1547.3	0.0013200								
1546.6	0.0013400								
1546.0	0.0013700								
1545.3	0.0014100								
1544.6	0.0014500								
1544.0	0.0014900								
1543.3	0.0015400								
1542.6	0.0015800								
1542.0	0.0016300								
1541.3	0.0016600								
1540.6	0.0017000								
1540.0	0.0017200								
1539.3	0.0017400								
1538.6	0.0017500								
1538.0	0.0017600								
1537.3	0.0017500								
1536.7	0.0017400								
1536.0	0.0017200								
1535.3	0.0016900								
1534.7	0.0016500								
1534.0	0.0016100								
1533.3	0.0015600								
1532.7	0.0015000								
1532.0	0.0014400								
1531.3	0.0013700								
1530.7	0.0013000								
1530.0	0.0012200								
1529.3	0.0011500								
1528.7	0.0010600								
1528.0	0.00097800								
1527.3	0.00089048								
1526.7	0.00080083								
1526.0	0.00070948								
1525.4	0.00061696								
1524.7	0.00052386								
1524.0	0.00043087								
1523.4	0.00033876								
1522.7	0.00024845								
1522.0	0.00016093								
1521.4	7.7314e-05								
1520.7	-1.2203e-06								
1520.0	-7.3433e-05								
1519.4	-0.00013805								
1518.7	-0.00019379								
1518.0	-0.00023942								
1517.4	-0.00027379								
1516.7	-0.00029587								
1516.1	-0.00030479								
1515.4	-0.00029990								
1514.7	-0.00028076								
1514.1	-0.00024726								
1513.4	-0.00019954								
1512.7	-0.00013810								
1512.1	-6.3769e-05								
1511.4	2.2303e-05								
1510.7	0.00011864								
1510.1	0.00022345								
1509.4	0.00033466								
1508.7	0.00044995								
1508.1	0.00056682								
1507.4	0.00068261								
1506.7	0.00079461								
1506.1	0.00090003								
1505.4	0.00099619								
1504.7	0.0010800								
1504.1	0.0011500								
1503.4	0.0012000								
1502.8	0.0012400								
1502.1	0.0012500								
1501.4	0.0012500								
1500.8	0.0012200								
1500.1	0.0011700								
1499.4	0.0011000								
1498.8	0.0010100								
1498.1	0.00089469								
1497.4	0.00076319								
1496.8	0.00061494								
1496.1	0.00045221								
1495.4	0.00027757								
1494.8	9.3852e-05								
1494.1	-9.5901e-05								
1493.5	-0.00028853								
1492.8	-0.00048079								
1492.1	-0.00066943								
1491.5	-0.00085126								
1490.8	-0.0010200								
1490.1	-0.0011800								
1489.5	-0.0013300								
1488.8	-0.0014500								
1488.1	-0.0015600								
1487.5	-0.0016400								
1486.8	-0.0017000								
1486.1	-0.0017400								
1485.5	-0.0017500								
1484.8	-0.0017400								
1484.1	-0.0017000								
1483.5	-0.0016400								
1482.8	-0.0015500								
1482.2	-0.0014400								
1481.5	-0.0013100								
1480.8	-0.0011700								
1480.2	-0.0010000								
1479.5	-0.00082074								
1478.8	-0.00062915								
1478.2	-0.00042811								
1477.5	-0.00022035								
1476.8	-8.6854e-06								
1476.2	0.00020403								
1475.5	0.00041496								
1474.8	0.00062130								
1474.2	0.00082034								
1473.5	0.0010100								
1472.9	0.0011900								
1472.2	0.0013500								
1471.5	0.0014900								
1470.8	0.0016200								
1470.2	0.0017300								
1469.5	0.0018100								
1468.9	0.0018800								
1468.2	0.0019200								
1467.5	0.0019400								
1466.9	0.0019300								
1466.2	0.0019100								
1465.5	0.0018600								
1464.9	0.0018000								
1464.2	0.0017100								
1463.5	0.0016100								
1462.9	0.0015000								
1462.2	0.0013700								
1461.5	0.0012400								
1460.9	0.0011000								
1460.2	0.00095735								
1459.6	0.00081481								
1458.9	0.00067516								
1458.2	0.00054120								
1457.6	0.00041556								
1456.9	0.00030064								
1456.2	0.00019860								
1455.6	0.00011124								
1454.9	4.0011e-05								
1454.2	-1.4043e-05								
1453.6	-5.0304e-05								
1452.9	-6.8580e-05								
1452.2	-6.9133e-05								
1451.6	-5.2646e-05								
1450.9	-2.0209e-05								
1450.2	2.6704e-05								
1449.6	8.6301e-05								
1448.9	0.00015650								
1448.3	0.00023499								
1447.6	0.00031933								
1446.9	0.00040700								
1446.3	0.00049543								
1445.6	0.00058216								
1444.9	0.00066484								
1444.3	0.00074135								
1443.6	0.00080980								
1442.9	0.00086863								
1442.3	0.00091663								
1441.6	0.00095300								
1440.9	0.00097730								
1440.3	0.00098953								
1439.6	0.00099007								
1439.0	0.00097970								
1438.3	0.00095953								
1437.6	0.00093098								
1437.0	0.00089570								
1436.3	0.00085554								
1435.6	0.00081248								
1435.0	0.00076854								
1434.3	0.00072572								
1433.6	0.00068594								
1433.0	0.00065096								
1432.3	0.00062233								
1431.6	0.00060138								
1431.0	0.00058908								
1430.3	0.00058614								
1429.6	0.00059287								
1429.0	0.00060928								
1428.3	0.00063502								
1427.6	0.00066944								
1427.0	0.00071161								
1426.3	0.00076036								
1425.7	0.00081434								
1425.0	0.00087207								
1424.3	0.00093200								
1423.7	0.00099259								
1423.0	0.0010500								
1422.3	0.0011100								
1421.7	0.0011600								
1421.0	0.0012100								
1420.3	0.0012600								
1419.7	0.0013000								
1419.0	0.0013300								
1418.3	0.0013600								
1417.7	0.0013800								
1417.0	0.0014000								
1416.4	0.0014200								
1415.7	0.0014300								
1415.0	0.0014500								
1414.4	0.0014600								
1413.7	0.0014800								
1413.0	0.0015000								
1412.4	0.0015200								
1411.7	0.0015500								
1411.0	0.0015900								
1410.4	0.0016400								
1409.7	0.0016900								
1409.0	0.0017500								
1408.4	0.0018200								
1407.7	0.0018900								
1407.0	0.0019700								
1406.4	0.0020600								
1405.7	0.0021500								
1405.1	0.0022400								
1404.4	0.0023300								
1403.7	0.0024100								
1403.1	0.0025000								
1402.4	0.0025700								
1401.7	0.0026400								
1401.1	0.0027000								
1400.4	0.0027500								
1399.7	0.0027900								
1399.1	0.0028100								
1398.4	0.0028300								
1397.7	0.0028300								
1397.1	0.0028200								
1396.4	0.0028000								
1395.7	0.0027600								
1395.1	0.0027200								
1394.4	0.0026700								
1393.7	0.0026200								
1393.1	0.0025700								
1392.4	0.0025100								
1391.8	0.0024500								
1391.1	0.0024000								
1390.4	0.0023500								
1389.8	0.0023100								
1389.1	0.0022700								
1388.4	0.0022400								
1387.8	0.0022200								
1387.1	0.0022100								
1386.4	0.0022000								
1385.8	0.0022000								
1385.1	0.0022100								
1384.4	0.0022200								
1383.8	0.0022300								
1383.1	0.0022400								
1382.5	0.0022400								
1381.8	0.0022500								
1381.1	0.0022500								
1380.5	0.0022400								
1379.8	0.0022300								
1379.1	0.0022000								
1378.5	0.0021600								
1377.8	0.0021100								
1377.1	0.0020600								
1376.5	0.0019900								
1375.8	0.0019100								
1375.1	0.0018300								
1374.5	0.0017300								
1373.8	0.0016400								
1373.1	0.0015400								
1372.5	0.0014500								
1371.8	0.0013600								
1371.2	0.0012800								
1370.5	0.0012000								
1369.8	0.0011400								
1369.2	0.0011000								
1368.5	0.0010700								
1367.8	0.0010500								
1367.2	0.0010600								
1366.5	0.0010800								
1365.8	0.0011200								
1365.2	0.0011800								
1364.5	0.0012500								
1363.8	0.0013400								
1363.2	0.0014300								
1362.5	0.0015400								
1361.9	0.0016500								
1361.2	0.0017600								
1360.5	0.0018700								
1359.9	0.0019700								
1359.2	0.0020700								
1358.5	0.0021500								
1357.9	0.0022200								
1357.2	0.0022600								
1356.5	0.0022900								
1355.9	0.0023000								
1355.2	0.0022900								
1354.5	0.0022500								
1353.9	0.0022000								
1353.2	0.0021200								
1352.5	0.0020300								
1351.9	0.0019200								
1351.2	0.0018000								
1350.5	0.0016800								
1349.9	0.0015400								
1349.2	0.0014100								
1348.6	0.0012800								
1347.9	0.0011600								
1347.2	0.0010500								
1346.6	0.00095447								
1345.9	0.00087399								
1345.2	0.00081226								
1344.6	0.00077082								
1343.9	0.00075057								
1343.2	0.00075168								
1342.6	0.00077364								
1341.9	0.00081520								
1341.3	0.00087448								
1340.6	0.00094900								
1339.9	0.0010400								
1339.2	0.0011300								
1338.6	0.0012300								
1337.9	0.0013300								
1337.3	0.0014300								
1336.6	0.0015300								
1335.9	0.0016100								
1335.3	0.0016800								
1334.6	0.0017300								
1333.9	0.0017600								
1333.3	0.0017800								
1332.6	0.0017700								
1331.9	0.0017400								
1331.3	0.0016900								
1330.6	0.0016100								
1329.9	0.0015200								
1329.3	0.0014100								
1328.6	0.0012800								
1328.0	0.0011400								
1327.3	0.00099883								
1326.6	0.00084902								
1326.0	0.00069842								
1325.3	0.00055074								
1324.6	0.00040954								
1324.0	0.00027813								
1323.3	0.00015946								
1322.6	5.6062e-05								
1322.0	-3.0060e-05								
1321.3	-9.7452e-05								
1320.6	-0.00014525								
1320.0	-0.00017320								
1319.3	-0.00018163								
1318.6	-0.00017145								
1318.0	-0.00014407								
1317.3	-0.00010137								
1316.7	-4.5626e-05								
1316.0	2.0612e-05								
1315.3	9.4592e-05								
1314.7	0.00017345								
1314.0	0.00025431								
1313.3	0.00033439								
1312.7	0.00041109								
1312.0	0.00048208								
1311.3	0.00054530								
1310.7	0.00059913								
1310.0	0.00064231								
1309.3	0.00067405								
1308.7	0.00069398								
1308.0	0.00070216								
1307.4	0.00069904								
1306.7	0.00068543								
1306.0	0.00066246								
1305.4	0.00063148								
1304.7	0.00059402								
1304.0	0.00055172								
1303.4	0.00050622								
1302.7	0.00045915								
1302.0	0.00041200								
1301.4	0.00036611								
1300.7	0.00032259								
1300.0	0.00028228								
1299.4	0.00024577								
1298.7	0.00021334								
1298.0	0.00018497								
1297.4	0.00016037								
1296.7	0.00013900								
1296.0	0.00012012								
1295.4	0.00010279								
1294.7	8.6005e-05								
1294.1	6.8676e-05								
1293.4	4.9735e-05								
1292.7	2.8182e-05								
1292.1	3.1430e-06								
1291.4	-2.6078e-05								
1290.7	-5.9962e-05								
1290.1	-9.8730e-05								
1289.4	-0.00014232								
1288.7	-0.00019038								
1288.1	-0.00024229								
1287.4	-0.00029711								
1286.7	-0.00035371								
1286.1	-0.00041069								
1285.4	-0.00046650								
1284.8	-0.00051949								
1284.1	-0.00056793								
1283.4	-0.00061012								
1282.8	-0.00064439								
1282.1	-0.00066922								
1281.4	-0.00068329								
1280.8	-0.00068549								
1280.1	-0.00067500								
1279.4	-0.00065131								
1278.8	-0.00061424								
1278.1	-0.00056397								
1277.4	-0.00050101								
1276.8	-0.00042621								
1276.1	-0.00034072								
1275.4	-0.00024595								
1274.8	-0.00014356								
1274.1	-3.5371e-05								
1273.5	7.6678e-05								
1272.8	0.00019059								
1272.1	0.00030435								
1271.5	0.00041603								
1270.8	0.00052380								
1270.1	0.00062599								
1269.5	0.00072115								
1268.8	0.00080807								
1268.1	0.00088578								
1267.5	0.00095363								
1266.8	0.0010100								
1266.1	0.0010600								
1265.5	0.0011000								
1264.8	0.0011200								
1264.2	0.0011400								
1263.5	0.0011500								
1262.8	0.0011500								
1262.1	0.0011500								
1261.5	0.0011400								
1260.8	0.0011200								
1260.2	0.0011000								
1259.5	0.0010800								
1258.8	0.0010600								
1258.2	0.0010300								
1257.5	0.0010000								
1256.8	0.00097828								
1256.2	0.00095216								
1255.5	0.00092642								
1254.8	0.00090125								
1254.2	0.00087681								
1253.5	0.00085323								
1252.8	0.00083067								
1252.2	0.00080933								
1251.5	0.00078952								
1250.9	0.00077159								
1250.2	0.00075608								
1249.5	0.00074360								
1248.9	0.00073494								
1248.2	0.00073101								
1247.5	0.00073282								
1246.9	0.00074148								
1246.2	0.00075816								
1245.5	0.00078404								
1244.9	0.00082027								
1244.2	0.00086792								
1243.5	0.00092792								
1242.9	0.0010000								
1242.2	0.0010900								
1241.5	0.0011900								
1240.9	0.0013000								
1240.2	0.0014300								
1239.6	0.0015700								
1238.9	0.0017200								
1238.2	0.0018800								
1237.6	0.0020400								
1236.9	0.0022100								
1236.2	0.0023900								
1235.6	0.0025600								
1234.9	0.0027300								
1234.2	0.0028900								
1233.6	0.0030400								
1232.9	0.0031800								
1232.2	0.0033000								
1231.6	0.0034000								
1230.9	0.0034800								
1230.3	0.0035400								
1229.6	0.0035800								
1228.9	0.0035900								
1228.3	0.0035800								
1227.6	0.0035500								
1226.9	0.0034900								
1226.3	0.0034200								
1225.6	0.0033300								
1224.9	0.0032200								
1224.3	0.0031100								
1223.6	0.0029800								
1222.9	0.0028600								
1222.3	0.0027300								
1221.6	0.0026100								
1220.9	0.0024900								
1220.3	0.0023900								
1219.6	0.0023000								
1218.9	0.0022200								
1218.3	0.0021600								
1217.6	0.0021200								
1217.0	0.0021000								
1216.3	0.0021000								
1215.6	0.0021200								
1215.0	0.0021500								
1214.3	0.0021900								
1213.6	0.0022400								
1213.0	0.0023000								
1212.3	0.0023600								
1211.6	0.0024200								
1211.0	0.0024800								
1210.3	0.0025200								
1209.6	0.0025500								
1209.0	0.0025600								
1208.3	0.0025500								
1207.7	0.0025200								
1207.0	0.0024700								
1206.3	0.0023900								
1205.7	0.0022900								
1205.0	0.0021700								
1204.3	0.0020300								
1203.7	0.0018700								
1203.0	0.0016900								
1202.3	0.0015100								
1201.7	0.0013200								
1201.0	0.0011400								
1200.3	0.00095427								
1199.7	0.00078502								
1199.0	0.00063281								
1198.3	0.00050275								
1197.7	0.00039948								
1197.0	0.00032698								
1196.4	0.00028849								
1195.7	0.00028635								
1195.0	0.00032193								
1194.4	0.00039551								
1193.7	0.00050635								
1193.0	0.00065261								
1192.4	0.00083142								
1191.7	0.0010400								
1191.0	0.0012700								
1190.4	0.0015200								
1189.7	0.0017800								
1189.0	0.0020500								
1188.4	0.0023200								
1187.7	0.0025800								
1187.0	0.0028300								
1186.4	0.0030600								
1185.7	0.0032600								
1185.0	0.0034300								
1184.4	0.0035700								
1183.7	0.0036700								
1183.1	0.0037400								
1182.4	0.0037600								
1181.7	0.0037400								
1181.1	0.0036900								
1180.4	0.0036000								
1179.7	0.0034800								
1179.1	0.0033300								
1178.4	0.0031600								
1177.7	0.0029700								
1177.1	0.0027700								
1176.4	0.0025600								
1175.7	0.0023600								
1175.1	0.0021600								
1174.4	0.0019700								
1173.8	0.0018000								
1173.1	0.0016500								
1172.4	0.0015300								
1171.8	0.0014300								
1171.1	0.0013600								
1170.4	0.0013100								
1169.8	0.0013000								
1169.1	0.0013100								
1168.4	0.0013400								
1167.8	0.0013900								
1167.1	0.0014500								
1166.4	0.0015300								
1165.8	0.0016100								
1165.1	0.0016900								
1164.4	0.0017600								
1163.8	0.0018300								
1163.1	0.0018800								
1162.5	0.0019100								
1161.8	0.0019200								
1161.1	0.0019000								
1160.5	0.0018500								
1159.8	0.0017800								
1159.1	0.0016800								
1158.5	0.0015500								
1157.8	0.0014000								
1157.1	0.0012200								
1156.5	0.0010300								
1155.8	0.00081753								
1155.1	0.00059799								
1154.5	0.00037336								
1153.8	0.00014881								
1153.2	-7.0449e-05								
1152.5	-0.00027939								
1151.8	-0.00047328								
1151.2	-0.00064786								
1150.5	-0.00079945								
1149.8	-0.00092509								
1149.2	-0.0010200								
1148.5	-0.0010900								
1147.8	-0.0011300								
1147.2	-0.0011400								
1146.5	-0.0011200								
1145.8	-0.0010700								
1145.2	-0.0010000								
1144.5	-0.00091026								
1143.8	-0.00080314								
1143.2	-0.00068342								
1142.5	-0.00055537								
1141.8	-0.00042329								
1141.2	-0.00029140								
1140.5	-0.00016367								
1139.9	-4.3703e-05								
1139.2	6.5345e-05								
1138.5	0.00016090								
1137.9	0.00024100								
1137.2	0.00030435								
1136.5	0.00035035								
1135.9	0.00037907								
1135.2	0.00039123								
1134.5	0.00038813								
1133.9	0.00037159								
1133.2	0.00034386								
1132.5	0.00030750								
1131.9	0.00026526								
1131.2	0.00021999								
1130.5	0.00017450								
1129.9	0.00013145								
1129.2	9.3226e-05								
1128.6	6.1894e-05								
1127.9	3.9079e-05								
1127.2	2.5926e-05								
1126.6	2.3059e-05								
1125.9	3.0569e-05								
1125.2	4.8019e-05								
1124.6	7.4476e-05								
1123.9	0.00010856								
1123.2	0.00014850								
1122.6	0.00019223								
1121.9	0.00023750								
1121.2	0.00028193								
1120.6	0.00032317								
1119.9	0.00035896								
1119.3	0.00038729								
1118.6	0.00040642								
1117.9	0.00041503								
1117.3	0.00041224								
1116.6	0.00039769								
1115.9	0.00037155								
1115.3	0.00033450								
1114.6	0.00028778								
1113.9	0.00023310								
1113.3	0.00017260								
1112.6	0.00010878								
1111.9	4.4409e-05								
1111.3	-1.7596e-05								
1110.6	-7.4256e-05								
1109.9	-0.00012264								
1109.3	-0.00016000								
1108.6	-0.00018388								
1107.9	-0.00019219								
1107.3	-0.00018332								
1106.6	-0.00015620								
1106.0	-0.00011035								
1105.3	-4.5947e-05								
1104.6	3.6219e-05								
1104.0	0.00013473								
1103.3	0.00024757								
1102.6	0.00037219								
1102.0	0.00050558								
1101.3	0.00064439								
1100.6	0.00078499								
1100.0	0.00092363								
1099.3	0.0010600								
1098.6	0.0011800								
1098.0	0.0012900								
1097.3	0.0013900								
1096.7	0.0014600								
1096.0	0.0015200								
1095.3	0.0015500								
1094.7	0.0015700								
1094.0	0.0015600								
1093.3	0.0015300								
1092.7	0.0014800								
1092.0	0.0014100								
1091.3	0.0013200								
1090.7	0.0012300								
1090.0	0.0011300								
1089.3	0.0010200								
1088.7	0.00091092								
1088.0	0.00080795								
1087.3	0.00071324								
1086.7	0.00063060								
1086.0	0.00056344								
1085.4	0.00051469								
1084.7	0.00048670								
1084.0	0.00048116								
1083.4	0.00049902								
1082.7	0.00054050								
1082.0	0.00060504								
1081.4	0.00069133								
1080.7	0.00079736								
1080.0	0.00092048								
1079.4	0.0010600								
1078.7	0.0012000								
1078.0	0.0013600								
1077.4	0.0015100								
1076.7	0.0016700								
1076.0	0.0018100								
1075.4	0.0019500								
1074.7	0.0020700								
1074.1	0.0021700								
1073.4	0.0022600								
1072.7	0.0023200								
1072.1	0.0023500								
1071.4	0.0023600								
1070.7	0.0023500								
1070.1	0.0023100								
1069.4	0.0022500								
1068.7	0.0021700								
1068.1	0.0020700								
1067.4	0.0019500								
1066.7	0.0018200								
1066.1	0.0016900								
1065.4	0.0015400								
1064.8	0.0014000								
1064.1	0.0012600								
1063.4	0.0011300								
1062.8	0.0010000								
1062.1	0.00088849								
1061.4	0.00078968								
1060.8	0.00070667								
1060.1	0.00064059								
1059.4	0.00059192								
1058.8	0.00056061								
1058.1	0.00054602								
1057.4	0.00054703								
1056.8	0.00056207								
1056.1	0.00058918								
1055.4	0.00062616								
1054.8	0.00067061								
1054.1	0.00072005								
1053.5	0.00077203								
1052.8	0.00082421								
1052.1	0.00087445								
1051.5	0.00092093								
1050.8	0.00096217								
1050.1	0.00099709								
1049.5	0.0010300								
1048.8	0.0010500								
1048.1	0.0010600								
1047.5	0.0010700								
1046.8	0.0010700								
1046.1	0.0010700								
1045.5	0.0010700								
1044.8	0.0010700								
1044.1	0.0010700								
1043.5	0.0010700								
1042.8	0.0010800								
1042.2	0.0011000								
1041.5	0.0011300								
1040.8	0.0011700								
1040.2	0.0012200								
1039.5	0.0012800								
1038.8	0.0013600								
1038.2	0.0014500								
1037.5	0.0015500								
1036.8	0.0016600								
1036.2	0.0017700								
1035.5	0.0019000								
1034.8	0.0020200								
1034.2	0.0021500								
1033.5	0.0022700								
1032.8	0.0023900								
1032.2	0.0025000								
1031.5	0.0026000								
1030.9	0.0026900								
1030.2	0.0027700								
1029.5	0.0028200								
1028.9	0.0028700								
1028.2	0.0028900								
1027.5	0.0029000								
1026.9	0.0028900								
1026.2	0.0028600								
1025.5	0.0028200								
1024.9	0.0027700								
1024.2	0.0027100								
1023.5	0.0026400								
1022.9	0.0025600								
1022.2	0.0024900								
1021.5	0.0024200								
1020.9	0.0023500								
1020.2	0.0022900								
1019.6	0.0022400								
1018.9	0.0022000								
1018.2	0.0021800								
1017.6	0.0021700								
1016.9	0.0021800								
1016.2	0.0022100								
1015.6	0.0022500								
1014.9	0.0023100								
1014.2	0.0023800								
1013.6	0.0024600								
1012.9	0.0025500								
1012.2	0.0026500								
1011.6	0.0027500								
1010.9	0.0028600								
1010.2	0.0029600								
1009.6	0.0030600								
1008.9	0.0031400								
1008.3	0.0032200								
1007.6	0.0032900								
1006.9	0.0033400								
1006.3	0.0033800								
1005.6	0.0034100								
1004.9	0.0034200								
1004.3	0.0034100								
1003.6	0.0033900								
1002.9	0.0033600								
1002.3	0.0033200								
1001.6	0.0032700								
1000.9	0.0032100								
1000.3	0.0031600								
999.61	0.0031000								
998.95	0.0030400								
998.28	0.0030000								
997.62	0.0029600								
996.96	0.0029300								
996.29	0.0029100								
995.63	0.0029100								
994.96	0.0029200								
994.30	0.0029500								
993.63	0.0029900								
992.97	0.0030400								
992.30	0.0031000								
991.64	0.0031700								
990.97	0.0032500								
990.31	0.0033300								
989.64	0.0034100								
988.98	0.0034900								
988.31	0.0035600								
987.65	0.0036200								
986.98	0.0036600								
986.32	0.0036900								
985.66	0.0037000								
984.99	0.0036800								
984.33	0.0036500								
983.66	0.0035800								
983.00	0.0034900								
982.33	0.0033800								
981.67	0.0032400								
981.00	0.0030800								
980.34	0.0029000								
979.67	0.0027000								
979.01	0.0024900								
978.34	0.0022700								
977.68	0.0020400								
977.02	0.0018100								
976.35	0.0015900								
975.69	0.0013700								
975.02	0.0011600								
974.36	0.00097599								
973.69	0.00080701								
973.03	0.00066104								
972.36	0.00054067								
971.70	0.00044786								
971.03	0.00038387								
970.37	0.00034924								
969.70	0.00034379								
969.04	0.00036665								
968.38	0.00041622								
967.71	0.00049033								
967.05	0.00058623								
966.38	0.00070071								
965.72	0.00083017								
965.05	0.00097078								
964.39	0.0011200								
963.72	0.0012700								
963.06	0.0014200								
962.39	0.0015600								
961.73	0.0017000								
961.06	0.0018300								
960.40	0.0019400								
959.73	0.0020400								
959.07	0.0021200								
958.40	0.0021800								
957.74	0.0022200								
957.08	0.0022400								
956.41	0.0022500								
955.75	0.0022400								
955.08	0.0022200								
954.42	0.0021800								
953.75	0.0021300								
953.09	0.0020800								
952.42	0.0020100								
951.76	0.0019500								
951.09	0.0018900								
950.43	0.0018300								
949.76	0.0017800								
949.10	0.0017300								
948.44	0.0016900								
947.77	0.0016600								
947.11	0.0016400								
946.44	0.0016300								
945.78	0.0016300								
945.11	0.0016400								
944.45	0.0016500								
943.78	0.0016800								
943.12	0.0017000								
942.45	0.0017300								
941.79	0.0017600								
941.12	0.0017800								
940.46	0.0018000								
939.79	0.0018100								
939.13	0.0018200								
938.47	0.0018100								
937.80	0.0017900								
937.14	0.0017600								
936.47	0.0017100								
935.81	0.0016500								
935.14	0.0015700								
934.48	0.0014800								
933.81	0.0013800								
933.15	0.0012600								
932.48	0.0011400								
931.82	0.0010000								
931.15	0.00086072								
930.49	0.00071558								
929.82	0.00056878								
929.16	0.00042274								
928.50	0.00027982								
927.83	0.00014227								
927.17	1.2175e-05								
926.50	-0.00010860								
925.84	-0.00021849								
925.17	-0.00031622								
924.51	-0.00040083								
923.84	-0.00047175								
923.18	-0.00052871								
922.51	-0.00057180								
921.85	-0.00060143								
921.18	-0.00061829								
920.52	-0.00062330								
919.86	-0.00061762								
919.19	-0.00060253								
918.53	-0.00057941								
917.86	-0.00054971								
917.20	-0.00051483								
916.53	-0.00047615								
915.87	-0.00043494								
915.20	-0.00039233								
914.54	-0.00034925								
913.87	-0.00030649								
913.21	-0.00026459								
912.54	-0.00022391								
911.88	-0.00018460								
911.21	-0.00014662								
910.55	-0.00010979								
909.89	-7.3761e-05								
909.22	-3.8129e-05								
908.56	-2.4216e-06								
907.89	3.3839e-05								
907.23	7.1107e-05								
906.56	0.00010975								
905.90	0.00015002								
905.23	0.00019203								
904.57	0.00023573								
903.90	0.00028084								
903.24	0.00032691								
902.57	0.00037328								
901.91	0.00041909								
901.24	0.00046330								
900.58	0.00050473								
899.92	0.00054210								
899.25	0.00057403								
898.59	0.00059916								
897.92	0.00061614								
897.26	0.00062373								
896.59	0.00062081								
895.93	0.00060649								
895.26	0.00058011								
894.60	0.00054132								
893.93	0.00049008								
893.27	0.00042672								
892.60	0.00035193								
891.94	0.00026677								
891.28	0.00017267								
890.61	7.1399e-05								
889.95	-3.4964e-05								
889.28	-0.00014409								
888.62	-0.00025343								
887.95	-0.00036031								
887.29	-0.00046198								
886.62	-0.00055570								
885.96	-0.00063881								
885.29	-0.00070884								
884.63	-0.00076354								
883.96	-0.00080100								
883.30	-0.00081969								
882.63	-0.00081851								
881.97	-0.00079685								
881.31	-0.00075461								
880.64	-0.00069222								
879.98	-0.00061065								
879.31	-0.00051138								
878.65	-0.00039635								
877.98	-0.00026798								
877.32	-0.00012904								
876.65	1.7403e-05								
875.99	0.00016804								
875.32	0.00031943								
874.66	0.00046813								
873.99	0.00061071								
873.33	0.00074396								
872.66	0.00086489								
872.00	0.00097089								
871.34	0.0010600								
870.67	0.0011300								
870.01	0.0011800								
869.34	0.0012100								
868.68	0.0012200								
868.01	0.0012100								
867.35	0.0011800								
866.68	0.0011300								
866.02	0.0010700								
865.35	0.0010000								
864.69	0.00092199								
864.02	0.00083793								
863.36	0.00075299								
862.70	0.00067096								
862.03	0.00059560								
861.37	0.00053054								
860.70	0.00047914								
860.04	0.00044443								
859.37	0.00042901								
858.71	0.00043492								
858.04	0.00046366								
857.38	0.00051607								
856.71	0.00059234								
856.05	0.00069198								
855.38	0.00081385								
854.72	0.00095614								
854.05	0.0011200								
853.39	0.0012900								
852.72	0.0014800								
852.06	0.0016700								
851.40	0.0018700								
850.73	0.0020700								
850.07	0.0022700								
849.40	0.0024600								
848.74	0.0026300								
848.07	0.0028000								
847.41	0.0029400								
846.74	0.0030600								
846.08	0.0031600								
845.41	0.0032300								
844.75	0.0032800								
844.08	0.0033000								
843.42	0.0033000								
842.76	0.0032800								
842.09	0.0032300								
841.43	0.0031600								
840.76	0.0030800								
840.10	0.0029900								
839.43	0.0028800								
838.77	0.0027700								
838.10	0.0026500								
837.44	0.0025400								
836.77	0.0024300								
836.11	0.0023400								
835.44	0.0022500								
834.78	0.0021800								
834.12	0.0021200								
833.45	0.0020800								
832.79	0.0020600								
832.12	0.0020700								
831.46	0.0020900								
830.79	0.0021300								
830.13	0.0021900								
829.46	0.0022600								
828.80	0.0023500								
828.13	0.0024600								
827.47	0.0025700								
826.80	0.0026900								
826.14	0.0028100								
825.47	0.0029300								
824.81	0.0030500								
824.14	0.0031700								
823.48	0.0032800								
822.82	0.0033800								
822.15	0.0034700								
821.49	0.0035500								
820.82	0.0036200								
820.16	0.0036700								
819.49	0.0037200								
818.83	0.0037500								
818.16	0.0037700								
817.50	0.0037800								
816.83	0.0037800								
816.17	0.0037800								
815.50	0.0037700								
814.84	0.0037600								
814.18	0.0037500								
813.51	0.0037400								
812.85	0.0037300								
812.18	0.0037300								
811.52	0.0037400								
810.85	0.0037500								
810.19	0.0037600								
809.52	0.0037900								
808.86	0.0038200								
808.19	0.0038600								
807.53	0.0039000								
806.86	0.0039500								
806.20	0.0040000								
805.53	0.0040500								
804.87	0.0041000								
804.21	0.0041500								
803.54	0.0041900								
802.88	0.0042200								
802.21	0.0042500								
801.55	0.0042600								
800.88	0.0042700								
800.22	0.0042600								
799.55	0.0042400								
798.89	0.0042000								
798.22	0.0041600								
797.56	0.0041000								
796.89	0.0040300								
796.23	0.0039500								
795.56	0.0038600								
794.90	0.0037700								
794.24	0.0036700								
793.57	0.0035700								
792.91	0.0034700								
792.24	0.0033800								
791.58	0.0032900								
790.91	0.0032000								
790.25	0.0031300								
789.58	0.0030600								
788.92	0.0030100								
788.25	0.0029700								
787.59	0.0029500								
786.92	0.0029400								
786.26	0.0029400								
785.60	0.0029600								
784.93	0.0029800								
784.27	0.0030200								
783.60	0.0030600								
782.94	0.0031200								
782.27	0.0031800								
781.61	0.0032400								
780.94	0.0033000								
780.28	0.0033600								
779.61	0.0034200								
778.95	0.0034700								
778.28	0.0035200								
777.62	0.0035600								
776.95	0.0035900								
776.29	0.0036200								
775.63	0.0036300								
774.96	0.0036300								
774.30	0.0036300								
773.63	0.0036100								
772.97	0.0035900								
772.30	0.0035600								
771.64	0.0035200								
770.97	0.0034800								
770.31	0.0034300								
769.64	0.0033900								
768.98	0.0033400								
768.31	0.0032900								
767.65	0.0032500								
766.98	0.0032000								
766.32	0.0031600								
765.66	0.0031200								
764.99	0.0030900								
764.33	0.0030600								
763.66	0.0030300								
763.00	0.0030100								
762.33	0.0029900								
761.67	0.0029700								
761.00	0.0029500								
760.34	0.0029300								
759.67	0.0029100								
759.01	0.0028900								
758.34	0.0028600								
757.68	0.0028300								
757.02	0.0028000								
756.35	0.0027600								
755.69	0.0027300								
755.02	0.0026800								
754.36	0.0026400								
753.69	0.0025900								
753.03	0.0025400								
752.36	0.0024900								
751.70	0.0024500								
751.03	0.0024000								
750.37	0.0023600								
749.70	0.0023200								
749.04	0.0023000								
748.37	0.0022700								
747.71	0.0022600								
747.04	0.0022600								
746.38	0.0022600								
745.72	0.0022700								
745.05	0.0023000								
744.39	0.0023300								
743.72	0.0023700								
743.06	0.0024200								
742.39	0.0024700								
741.73	0.0025200								
741.06	0.0025800								
740.40	0.0026300								
739.73	0.0026800								
739.07	0.0027300								
738.40	0.0027700								
737.74	0.0028000								
737.08	0.0028100								
736.41	0.0028200								
735.75	0.0028100								
735.08	0.0027900								
734.42	0.0027600								
733.75	0.0027100								
733.09	0.0026500								
732.42	0.0025800								
731.76	0.0024900								
731.09	0.0024000								
730.43	0.0023100								
729.76	0.0022100								
729.10	0.0021100								
728.44	0.0020200								
727.77	0.0019300								
727.11	0.0018500								
726.44	0.0017800								
725.78	0.0017300								
725.11	0.0017000								
724.45	0.0016800								
723.78	0.0016800								
723.12	0.0017000								
722.45	0.0017500								
721.79	0.0018100								
721.12	0.0018900								
720.46	0.0019900								
719.79	0.0021000								
719.13	0.0022300								
718.46	0.0023700								
717.80	0.0025100								
717.14	0.0026600								
716.47	0.0028000								
715.81	0.0029400								
715.14	0.0030800								
714.48	0.0032000								
713.81	0.0033100								
713.15	0.0034000								
712.48	0.0034800								
711.82	0.0035400								
711.15	0.0035800								
710.49	0.0036000								
709.82	0.0036000								
709.16	0.0035800								
708.50	0.0035500								
707.83	0.0035000								
707.17	0.0034400								
706.50	0.0033700								
705.84	0.0033000								
705.17	0.0032300								
704.51	0.0031600								
703.84	0.0031000								
703.18	0.0030500								
702.51	0.0030000								
701.85	0.0029800								
701.18	0.0029700								
700.52	0.0029700								
699.86	0.0030000								
699.19	0.0030400								
698.53	0.0031100								
697.86	0.0031900								
697.20	0.0032900								
696.53	0.0034000								
695.87	0.0035200								
695.20	0.0036400								
694.54	0.0037800								
693.87	0.0039100								
693.21	0.0040300								
692.54	0.0041500								
691.88	0.0042600								
691.21	0.0043500								
690.55	0.0044300								
689.88	0.0044800								
689.22	0.0045100								
688.56	0.0045200								
687.89	0.0045000								
687.23	0.0044600								
686.56	0.0043900								
685.90	0.0043000								
685.23	0.0041900								
684.57	0.0040600								
683.90	0.0039100								
683.24	0.0037600								
682.57	0.0035900								
681.91	0.0034200								
681.24	0.0032500								
680.58	0.0030800								
679.92	0.0029200								
679.25	0.0027700								
678.59	0.0026300								
677.92	0.0025100								
677.26	0.0024100								
676.59	0.0023300								
675.93	0.0022800								
675.26	0.0022400								
674.60	0.0022300								
673.93	0.0022400								
673.27	0.0022700								
672.60	0.0023200								
671.94	0.0023900								
671.27	0.0024700								
670.61	0.0025600								
669.95	0.0026700								
669.28	0.0027800								
668.62	0.0029000								
667.95	0.0030200								
667.29	0.0031400								
666.62	0.0032600								
665.96	0.0033800								
665.29	0.0034900								
664.63	0.0035900								
663.96	0.0036900								
663.30	0.0037800								
662.63	0.0038600								
661.97	0.0039400								
661.30	0.0040100								
660.64	0.0040800								
659.97	0.0041400								
659.31	0.0042000								
658.65	0.0042600								
657.98	0.0043100								
657.32	0.0043700								
656.65	0.0044400								
655.99	0.0045000								
655.32	0.0045700								
654.66	0.0046400								
653.99	0.0047200								
653.33	0.0047900								
652.66	0.0048700								
652.00	0.0049600								
651.34	0.0050400								
650.67	0.0051200								
650.01	0.0052100								
649.34	0.0052900								
648.68	0.0053600								
648.01	0.0054300								
647.35	0.0054900								
646.68	0.0055500								
646.02	0.0056000								
645.35	0.0056400								
644.69	0.0056700								
644.02	0.0056900								
643.36	0.0057000								
642.69	0.0057100								
642.03	0.0057100								
641.37	0.0057000								
640.70	0.0056900								
640.04	0.0056800								
639.37	0.0056700								
638.71	0.0056600								
638.04	0.0056500								
637.38	0.0056500								
636.71	0.0056500								
636.05	0.0056500								
635.38	0.0056600								
634.72	0.0056800								
634.05	0.0057100								
633.39	0.0057400								
632.72	0.0057800								
632.06	0.0058300								
631.39	0.0058700								
630.73	0.0059200								
630.07	0.0059700								
629.40	0.0060200								
628.74	0.0060600								
628.07	0.0061000								
627.41	0.0061300								
626.74	0.0061500								
626.08	0.0061600								
625.41	0.0061500								
624.75	0.0061300								
624.08	0.0061000								
623.42	0.0060500								
622.76	0.0059900								
622.09	0.0059200								
621.43	0.0058400								
620.76	0.0057400								
620.10	0.0056400								
619.43	0.0055400								
618.77	0.0054300								
618.10	0.0053200								
617.44	0.0052200								
616.77	0.0051200								
616.11	0.0050400								
615.44	0.0049600								
614.78	0.0049000								
614.11	0.0048600								
613.45	0.0048400								
612.78	0.0048300								
612.12	0.0048500								
611.46	0.0048900								
610.79	0.0049500								
610.13	0.0050200								
609.46	0.0051200								
608.80	0.0052300								
608.13	0.0053600								
607.47	0.0055000								
606.80	0.0056400								
606.14	0.0058000								
605.47	0.0059500								
604.81	0.0061100								
604.14	0.0062700								
603.48	0.0064200								
602.82	0.0065700								
602.15	0.0067100								
601.49	0.0068400								
600.82	0.0069600								
600.16	0.0070800								
599.49	0.0071900								
598.83	0.0072800								
598.16	0.0073700								
597.50	0.0074600								
596.83	0.0075500								
596.17	0.0076300								
595.50	0.0077100								
594.84	0.0078000								
594.18	0.0078900								
593.51	0.0079900								
592.85	0.0081000								
592.18	0.0082300								
591.52	0.0083600								
590.85	0.0085100								
590.19	0.0086700								
589.52	0.0088400								
588.86	0.0090300								
588.19	0.0092200								
587.53	0.0094300								
586.86	0.0096400								
586.20	0.0098600								
585.53	0.010080								
584.87	0.010300								
584.20	0.010520								
583.54	0.010730								
582.88	0.010940								
582.21	0.011130								
581.55	0.011310								
580.88	0.011470								
580.22	0.011620								
579.55	0.011740								
578.89	0.011850								
578.22	0.011940								
577.56	0.012020								
576.89	0.012070								
576.23	0.012110								
575.56	0.012130								
574.90	0.012140								
574.23	0.012140								
573.57	0.012140								
572.91	0.012120								
572.24	0.012110								
571.58	0.012090								
570.91	0.012070								
570.25	0.012060								
569.58	0.012050								
568.92	0.012050								
568.25	0.012050								
567.59	0.012060								
566.92	0.012080								
566.26	0.012100								
565.60	0.012130								
564.93	0.012160								
564.27	0.012190								
563.60	0.012230								
562.94	0.012270								
562.27	0.012300								
561.61	0.012330								
560.94	0.012360								
560.28	0.012380								
559.61	0.012390								
558.95	0.012400								
558.28	0.012400								
557.62	0.012390								
556.95	0.012380								
556.29	0.012360								
555.62	0.012340								
554.96	0.012320								
554.30	0.012300								
553.63	0.012270								
552.97	0.012260								
552.30	0.012260								
551.64	0.012260								
550.97	0.012280								
550.31	0.012310								
549.64	0.012360								
548.98	0.012420								
548.31	0.012500								
547.65	0.012600								
546.98	0.012710								
546.32	0.012840								
545.66	0.012980								
544.99	0.013130								
544.33	0.013290								
543.66	0.013460								
543.00	0.013620								
542.33	0.013780								
541.67	0.013940								
541.00	0.014080								
540.34	0.014200								
539.67	0.014300								
539.01	0.014380								
538.34	0.014440								
537.68	0.014460								
537.01	0.014460								
536.35	0.014420								
535.69	0.014350								
535.02	0.014250								
534.36	0.014120								
533.69	0.013970								
533.03	0.013790								
532.36	0.013590								
531.70	0.013370								
531.03	0.013150								
530.37	0.012910								
529.70	0.012680								
529.04	0.012450								
528.37	0.012230								
527.71	0.012020								
527.04	0.011830								
526.38	0.011670								
525.71	0.011520								
525.05	0.011410								
524.39	0.011320								
523.72	0.011260								
523.06	0.011240								
522.39	0.011230								
521.73	0.011260								
521.06	0.011310								
520.40	0.011370								
519.73	0.011460								
519.07	0.011550								
518.40	0.011650								
517.74	0.011750								
517.08	0.011850								
516.41	0.011930								
515.75	0.012010								
515.08	0.012070								
514.42	0.012110								
513.75	0.012130								
513.09	0.012120								
512.42	0.012080								
511.76	0.012020								
511.09	0.011930								
510.43	0.011820								
509.76	0.011680								
509.10	0.011520								
508.43	0.011350								
507.77	0.011160								
507.11	0.010960								
506.44	0.010760								
505.78	0.010550								
505.11	0.010350								
504.45	0.010160								
503.78	0.0099800								
503.12	0.0098200								
502.45	0.0096700								
501.79	0.0095500								
501.12	0.0094400								
500.46	0.0093700								
499.79	0.0093100								
499.13	0.0092800								
498.46	0.0092800								
497.80	0.0092900								
497.13	0.0093200								
496.47	0.0093700								
495.81	0.0094300								
495.14	0.0095000								
494.48	0.0095700								
493.81	0.0096400								
493.15	0.0097100								
492.48	0.0097700								
491.82	0.0098200								
491.15	0.0098500								
490.49	0.0098700								
489.82	0.0098700								
489.16	0.0098500								
488.50	0.0098000								
487.83	0.0097400								
487.17	0.0096600								
486.50	0.0095500								
485.84	0.0094300								
485.17	0.0093000								
484.51	0.0091500								
483.84	0.0089900								
483.18	0.0088300								
482.51	0.0086700								
481.85	0.0085100								
481.18	0.0083500								
480.52	0.0082100								
479.85	0.0080700								
479.19	0.0079600								
478.52	0.0078600								
477.86	0.0077800								
477.20	0.0077300								
476.53	0.0077000								
475.87	0.0076900								
475.20	0.0077100								
474.54	0.0077600								
473.87	0.0078300								
473.21	0.0079200								
472.54	0.0080300								
471.88	0.0081500								
471.21	0.0083000								
470.55	0.0084500								
469.88	0.0086200								
469.22	0.0087900								
468.55	0.0089600								
467.89	0.0091300								
467.23	0.0093000								
466.56	0.0094600								
465.90	0.0096200								
465.23	0.0097500								
464.57	0.0098800								
463.90	0.0099900								
463.24	0.010080								
462.57	0.010150								
461.91	0.010190								
461.24	0.010220								
460.58	0.010230								
459.92	0.010210								
459.25	0.010180								
458.59	0.010120								
457.92	0.010050								
457.26	0.0099600								
456.59	0.0098500								
455.93	0.0097300								
455.26	0.0096000								
454.60	0.0094500								
453.93	0.0093100								
453.27	0.0091500								
452.60	0.0090000								
451.94	0.0088400								
451.27	0.0086900								
450.61	0.0085400								
449.94	0.0083900								
449.28	0.0082600								
448.62	0.0081300								
447.95	0.0080200								
447.29	0.0079200								
446.62	0.0078300								
445.96	0.0077500								
445.29	0.0076900								
444.63	0.0076500								
443.96	0.0076200								
443.30	0.0076000								
442.63	0.0076000								
441.97	0.0076100								
441.30	0.0076300								
440.64	0.0076600								
439.97	0.0076900								
439.31	0.0077400								
438.65	0.0077800								
437.98	0.0078300								
437.32	0.0078800								
436.65	0.0079300								
435.99	0.0079700								
435.32	0.0080100								
434.66	0.0080400								
433.99	0.0080700								
433.33	0.0080800								
432.66	0.0080900								
432.00	0.0080800								
431.34	0.0080700								
430.67	0.0080500								
430.01	0.0080100								
429.34	0.0079800								
428.68	0.0079300								
428.01	0.0078800								
427.35	0.0078300								
426.68	0.0077800								
426.02	0.0077300								
425.35	0.0076800								
424.69	0.0076400								
424.02	0.0076000								
423.36	0.0075800								
422.69	0.0075600								
422.03	0.0075600								
421.36	0.0075800								
420.70	0.0076100								
420.04	0.0076500								
419.37	0.0077100								
418.71	0.0077800								
418.04	0.0078700								
417.38	0.0079700								
416.71	0.0080800								
416.05	0.0081900								
415.38	0.0083200								
414.72	0.0084500								
414.05	0.0085900								
413.39	0.0087200								
412.72	0.0088600								
412.06	0.0089900								
411.39	0.0091100								
410.73	0.0092200								
410.07	0.0093300								
409.40	0.0094300								
408.74	0.0095100								
408.07	0.0095900								
407.41	0.0096500								
406.74	0.0097000								
406.08	0.0097400								
405.41	0.0097800								
404.75	0.0098000								
404.08	0.0098300								
403.42	0.0098500								
402.75	0.0098700								
402.09	0.0099000								
401.43	0.0099300								
400.76	0.0099700								
400.10	0.010030								
399.43	0.010090								
398.77	0.010180								
398.10	0.010280								
397.44	0.010400								
396.77	0.010550								
396.11	0.010710								
395.44	0.010900								
394.78	0.011110								
394.11	0.011350								
393.45	0.011600								
392.78	0.011880								
392.12	0.012180								
391.45	0.012490								
390.79	0.012820								
390.13	0.013170								
389.46	0.013530								
388.80	0.013900								
388.13	0.014270								
387.47	0.014660								
386.80	0.015050								
386.14	0.015440								
385.47	0.015840								
384.81	0.016240								
384.14	0.016640								
383.48	0.017040								
382.81	0.017430								
382.15	0.017830								
381.49	0.018230								
380.82	0.018620								
380.16	0.019020								
379.49	0.019410								
378.83	0.019810								
378.16	0.020200								
377.50	0.020590								
376.83	0.020980								
376.17	0.021380								
375.50	0.021770								
374.84	0.022150								
374.17	0.022540								
373.51	0.022920								
372.85	0.023300								
372.18	0.023680								
371.52	0.024050								
370.85	0.024410								
370.19	0.024760								
369.52	0.025100								
368.86	0.025430								
368.19	0.025760								
367.53	0.026060								
366.86	0.026360								
366.20	0.026640								
365.53	0.026900								
364.87	0.027150								
364.20	0.027390								
363.54	0.027620								
362.87	0.027830								
362.21	0.028040								
361.55	0.028230								
360.88	0.028420								
360.22	0.028590								
359.55	0.028770								
358.89	0.028940								
358.22	0.029100								
357.56	0.029270								
356.89	0.029440								
356.23	0.029610								
355.56	0.029780								
354.90	0.029960								
354.24	0.030140								
353.57	0.030330								
352.91	0.030520								
352.24	0.030710								
351.58	0.030910								
350.91	0.031110								
350.25	0.031310								
349.58	0.031510								
348.92	0.031710								
348.25	0.031900								
347.59	0.032100								
346.92	0.032280								
346.26	0.032460								
345.59	0.032630								
344.93	0.032790								
344.26	0.032950								
343.60	0.033090								
342.94	0.033220								
342.27	0.033340								
341.61	0.033460								
340.94	0.033560								
340.28	0.033650								
339.61	0.033740								
338.95	0.033820								
338.28	0.033900								
337.62	0.033970								
336.95	0.034040								
336.29	0.034110								
335.62	0.034180								
334.96	0.034250								
334.29	0.034320								
333.63	0.034400								
332.97	0.034480								
332.30	0.034570								
331.64	0.034660								
330.97	0.034750								
330.31	0.034850								
329.64	0.034940								
328.98	0.035040								
328.31	0.035140								
327.65	0.035230								
326.98	0.035320								
326.32	0.035400								
325.66	0.035480								
324.99	0.035550								
324.33	0.035600								
323.66	0.035650								
323.00	0.035680								
322.33	0.035700								
321.67	0.035700								
321.00	0.035690								
320.34	0.035660								
319.67	0.035620								
319.01	0.035560								
318.34	0.035490								
317.68	0.035420								
317.01	0.035330								
316.35	0.035240								
315.68	0.035140								
315.02	0.035040								
314.36	0.034930								
313.69	0.034830								
313.03	0.034740								
312.36	0.034650								
311.70	0.034570								
311.03	0.034490								
310.37	0.034430								
309.70	0.034380								
309.04	0.034350								
308.37	0.034320								
307.71	0.034310								
307.04	0.034300								
306.38	0.034310								
305.71	0.034330								
305.05	0.034360								
304.39	0.034390								
303.72	0.034430								
303.06	0.034470								
302.39	0.034510								
301.73	0.034540								
301.06	0.034570								
300.40	0.034590								
299.73	0.034600								
299.07	0.034600								
298.40	0.034580								
297.74	0.034550								
297.07	0.034500								
296.41	0.034430								
295.75	0.034350								
295.08	0.034240								
294.42	0.034110								
293.75	0.033960								
293.09	0.033790								
292.42	0.033600								
291.76	0.033400								
291.09	0.033170								
290.43	0.032940								
289.76	0.032690								
289.10	0.032430								
288.43	0.032160								
287.77	0.031890								
287.10	0.031620								
286.44	0.031340								
285.78	0.031070								
285.11	0.030810								
284.45	0.030550								
283.78	0.030300								
283.12	0.030060								
282.45	0.029840								
281.79	0.029640								
281.12	0.029450								
280.46	0.029280								
279.79	0.029130								
279.13	0.029000								
278.46	0.028890								
277.80	0.028810								
277.13	0.028740								
276.47	0.028700								
275.81	0.028670								
275.14	0.028660								
274.48	0.028670								
273.81	0.028690								
273.15	0.028730								
272.48	0.028770								
271.82	0.028820								
271.15	0.028880								
270.49	0.028940								
269.82	0.029000								
269.16	0.029060								
268.49	0.029110								
267.83	0.029150								
267.17	0.029180								
266.50	0.029210								
265.84	0.029220								
265.17	0.029210								
264.51	0.029190								
263.84	0.029160								
263.18	0.029100								
262.51	0.029030								
261.85	0.028950								
261.18	0.028850								
260.52	0.028730								
259.85	0.028610								
259.19	0.028470								
258.52	0.028320								
257.86	0.028170								
257.19	0.028010								
256.53	0.027850								
255.87	0.027680								
255.20	0.027520								
254.54	0.027360								
253.87	0.027210								
253.21	0.027060								
252.54	0.026920								
251.88	0.026780								
251.21	0.026660								
250.55	0.026550								
249.88	0.026440								
249.22	0.026350								
248.55	0.026260								
247.89	0.026180								
247.23	0.026110								
246.56	0.026050								
245.90	0.025990								
245.23	0.025930								
244.57	0.025870								
243.90	0.025820								
243.24	0.025760								
242.57	0.025700								
241.91	0.025640								
241.24	0.025570								
240.58	0.025500								
239.91	0.025420								
239.25	0.025340								
238.59	0.025250								
237.92	0.025150								
237.26	0.025060								
236.59	0.024960								
235.93	0.024850								
235.26	0.024750								
234.60	0.024650								
233.93	0.024560								
233.27	0.024460								
232.60	0.024380								
231.94	0.024300								
231.27	0.024230								
230.61	0.024180								
229.94	0.024130								
229.28	0.024110								
228.61	0.024100								
227.95	0.024110								
227.29	0.024140								
226.62	0.024190								
225.96	0.024250								
225.29	0.024350								
224.63	0.024460								
223.96	0.024600								
223.30	0.024760								
222.63	0.024950								
221.97	0.025160								
221.30	0.025400								
220.64	0.025660								
219.97	0.025950								
219.31	0.026270								
218.65	0.026620								
217.98	0.026990								
217.32	0.027390								
216.65	0.027830								
215.99	0.028290								
215.32	0.028790								
214.66	0.029320								
213.99	0.029870								
213.33	0.030460								
212.66	0.031090								
212.00	0.031740								
211.33	0.032420								
210.67	0.033130								
210.00	0.033880								
209.34	0.034640								
208.68	0.035430								
208.01	0.036250								
207.35	0.037080								
206.68	0.037930								
206.02	0.038790								
205.35	0.039670								
204.69	0.040550								
204.02	0.041430								
203.36	0.042310								
202.69	0.043200								
202.03	0.044070								
201.36	0.044940								
200.70	0.045800								
200.03	0.046640								
199.37	0.047460								
198.71	0.048270								
198.04	0.049060								
197.38	0.049830								
196.71	0.050580								
196.05	0.051320								
195.38	0.052030								
194.72	0.052720								
194.05	0.053400								
193.39	0.054060								
192.72	0.054710								
192.06	0.055340								
191.39	0.055970								
190.73	0.056580								
190.07	0.057180								
189.40	0.057780								
188.74	0.058360								
188.07	0.058940								
187.41	0.059520								
186.74	0.060090								
186.08	0.060650								
185.41	0.061210								
184.75	0.061750								
184.08	0.062290								
183.42	0.062810								
182.75	0.063320								
182.09	0.063820								
181.42	0.064300								
180.76	0.064760								
180.10	0.065190								
179.43	0.065610								
178.77	0.066000								
178.10	0.066360								
177.44	0.066700								
176.77	0.067000								
176.11	0.067280								
175.44	0.067530								
174.78	0.067760								
174.11	0.067950								
173.45	0.068120								
172.78	0.068260								
172.12	0.068380								
171.45	0.068480								
170.79	0.068560								
170.13	0.068620								
169.46	0.068660								
168.80	0.068690								
168.13	0.068710								
167.47	0.068710								
166.80	0.068710								
166.14	0.068700								
165.47	0.068670								
164.81	0.068640								
164.14	0.068610								
163.48	0.068560								
162.81	0.068510								
162.15	0.068440								
161.49	0.068370								
160.82	0.068280								
160.16	0.068180								
159.49	0.068060								
158.83	0.067920								
158.16	0.067770								
157.50	0.067600								
156.83	0.067400								
156.17	0.067190								
155.50	0.066950								
154.84	0.066680								
154.17	0.066390								
153.51	0.066080								
152.84	0.065750								
152.18	0.065400								
151.51	0.065020								
150.85	0.064630								
150.19	0.064220								
149.52	0.063800								
148.86	0.063360								
148.19	0.062920								
147.53	0.062460								
146.86	0.062010								
146.20	0.061550								
145.53	0.061090								
144.87	0.060630								
144.20	0.060170								
143.54	0.059720								
142.87	0.059280								
142.21	0.058840								
141.55	0.058410								
140.88	0.057990								
140.22	0.057570								
139.55	0.057170								
138.89	0.056770								
138.22	0.056380								
137.56	0.056000								
136.89	0.055630								
136.23	0.055260								
135.56	0.054890								
134.90	0.054530								
134.23	0.054180								
133.57	0.053830								
132.91	0.053480								
132.24	0.053140								
131.58	0.052790								
130.91	0.052450								
130.25	0.052110								
129.58	0.051770								
128.92	0.051440								
128.25	0.051100								
127.59	0.050760								
126.92	0.050430								
126.26	0.050090								
125.59	0.049750								
124.93	0.049410								
124.26	0.049060								
123.60	0.048710								
122.93	0.048360								
122.27	0.048000								
121.61	0.047630								
120.94	0.047250								
120.28	0.046870								
119.61	0.046470								
118.95	0.046060								
118.28	0.045640								
117.62	0.045210								
116.95	0.044770								
116.29	0.044310								
115.62	0.043850								
114.96	0.043370								
114.29	0.042890								
113.63	0.042400								
112.97	0.041910								
112.30	0.041420								
111.64	0.040930								
110.97	0.040450								
110.31	0.039980								
109.64	0.039520								
108.98	0.039070								
108.31	0.038640								
107.65	0.038230								
106.98	0.037850								
106.32	0.037490								
105.65	0.037160								
104.99	0.036850								
104.32	0.036570								
103.66	0.036320								
103.00	0.036090								
102.33	0.035890								
101.67	0.035700								
101.00	0.035540								
100.34	0.035390								
99.672	0.035260								
99.008	0.035130								
98.343	0.035000								
97.678	0.034870								
97.014	0.034730								
96.349	0.034590								
95.684	0.034430								
95.020	0.034260								
94.355	0.034060								
93.690	0.033850								
93.026	0.033610								
92.361	0.033340								
91.697	0.033060								
91.032	0.032750								
90.367	0.032420								
89.702	0.032070								
89.038	0.031710								
88.373	0.031340								
87.708	0.030950								
87.044	0.030570								
86.379	0.030180								
85.715	0.029810								
85.050	0.029440								
84.385	0.029080								
83.721	0.028750								
83.056	0.028430								
82.391	0.028140								
81.727	0.027870								
81.062	0.027630								
80.397	0.027420								
79.733	0.027230								
79.068	0.027070								
78.403	0.026940								
77.739	0.026820								
77.074	0.026730								
76.409	0.026650								
75.745	0.026580								
75.080	0.026520								
74.415	0.026460								
73.751	0.026400								
73.086	0.026330								
72.422	0.026260								
71.757	0.026180								
71.092	0.026080								
70.428	0.025970								
69.763	0.025840								
69.098	0.025690								
68.434	0.025530								
67.769	0.025340								
67.104	0.025140								
66.440	0.024930								
65.775	0.024700								
65.110	0.024460								
64.446	0.024210								
63.781	0.023960								
63.116	0.023710								
62.452	0.023460								
61.787	0.023210								
61.122	0.022970								
60.458	0.022740								
59.793	0.022520								
59.128	0.022320								
58.464	0.022140								
57.799	0.021980								
57.134	0.021840								
56.470	0.021730								
55.805	0.021650								
55.140	0.021600								
54.476	0.021590								
53.811	0.021610								
53.147	0.021690								
52.482	0.021820								
51.817	0.022010								
51.153	0.022280								
50.488	0.022620								
49.823	0.023050								
49.159	0.023590								
48.494	0.024250								
47.829	0.025040								
47.165	0.025990								
46.500	0.027100								
45.835	0.028400								
45.171	0.029910								
44.506	0.031640								
43.841	0.033620								
43.177	0.035870								
42.512	0.038410								
41.847	0.041260								
41.183	0.044430								
40.518	0.047950								
39.853	0.051850								
39.189	0.056120								
38.524	0.060790								
37.860	0.065890								
37.195	0.071410								
36.530	0.077380								
35.866	0.083800								
35.201	0.090700								
34.536	0.098070								
33.872	0.10594								
33.207	0.11431								
32.542	0.12319								
31.878	0.13259								
31.213	0.14251								
30.548	0.15298								
29.884	0.16400								
29.219	0.17557								
28.554	0.18771								
27.890	0.20042								
27.225	0.21373								
26.560	0.22762								
25.896	0.24212								
25.231	0.25724								
24.566	0.27296								
23.902	0.28931								
23.237	0.30628								
22.572	0.32387								
21.908	0.34207								
21.243	0.36088								
20.578	0.38029								
19.914	0.40027								
19.249	0.42080								
18.585	0.44186								
17.920	0.46341								
17.255	0.48540								
16.591	0.50780								
15.926	0.53054								
15.261	0.55356								
14.597	0.57680								
13.932	0.60018								
13.267	0.62363								
12.603	0.64706								
11.938	0.67039								
11.273	0.69352								
10.609	0.71637								
9.9440	0.73884								
9.2794	0.76084								
8.6147	0.78228								
7.9501	0.80306								
7.2854	0.82310								
6.6208	0.84232								
5.9561	0.86064								
5.2915	0.87798								
4.6268	0.89430								
3.9622	0.90952								
3.2975	0.92361								
2.6328	0.93652								
1.9682	0.94823								
1.3035	0.95873								
0.63889	0.96799								
-0.025770	0.97604								
-0.69042	0.98285								
-1.3551	0.98849								
-2.0197	0.99295								
-2.6844	0.99629								
-3.3490	0.99854								
-4.0137	0.99975								
-4.6783	0.99998								
-5.3430	0.99929								
-6.0077	0.99775								
-6.6723	0.99541								
-7.3370	0.99235								
-8.0016	0.98863								
-8.6663	0.98432								
-9.3309	0.97947								
-9.9956	0.97415								
-10.660	0.96843								
-11.325	0.96236								
-11.990	0.95598								
-12.654	0.94935								
-13.319	0.94251								
-13.983	0.93549								
-14.648	0.92834								
-15.313	0.92106								
-15.977	0.91370								
-16.642	0.90627								
-17.307	0.89878								
-17.971	0.89125								
-18.636	0.88368								
-19.301	0.87608								
-19.965	0.86846								
-20.630	0.86082								
-21.295	0.85315								
-21.959	0.84546								
-22.624	0.83774								
-23.289	0.83000								
-23.953	0.82224								
-24.618	0.81445								
-25.283	0.80664								
-25.947	0.79880								
-26.612	0.79094								
-27.277	0.78307								
-27.941	0.77518								
-28.606	0.76728								
-29.270	0.75938								
-29.935	0.75148								
-30.600	0.74359								
-31.265	0.73572								
-31.929	0.72787								
-32.594	0.72005								
-33.258	0.71226								
-33.923	0.70452								
-34.588	0.69683								
-35.252	0.68920								
-35.917	0.68162								
-36.582	0.67411								
-37.246	0.66667								
-37.911	0.65929								
-38.576	0.65199								
-39.240	0.64475								
-39.905	0.63759								
-40.570	0.63050								
-41.234	0.62347								
-41.899	0.61652								
-42.564	0.60963								
-43.228	0.60281								
-43.893	0.59605								
-44.558	0.58934								
-45.222	0.58270								
-45.887	0.57610								
-46.552	0.56957								
-47.216	0.56308								
-47.881	0.55665								
-48.545	0.55027								
-49.210	0.54393								
-49.875	0.53765								
-50.539	0.53142								
-51.204	0.52525								
-51.869	0.51912								
-52.533	0.51305								
-53.198	0.50704								
-53.863	0.50109								
-54.527	0.49519								
-55.192	0.48936								
-55.857	0.48359								
-56.521	0.47789								
-57.186	0.47225								
-57.851	0.46668								
-58.515	0.46119								
-59.180	0.45576								
-59.845	0.45040								
-60.509	0.44511								
-61.174	0.43990								
-61.839	0.43475								
-62.503	0.42968								
-63.168	0.42467								
-63.833	0.41972								
-64.497	0.41485								
-65.162	0.41003								
-65.827	0.40528								
-66.491	0.40059								
-67.156	0.39595								
-67.820	0.39137								
-68.485	0.38684								
-69.150	0.38236								
-69.814	0.37794								
-70.479	0.37355								
-71.144	0.36922								
-71.808	0.36492								
-72.473	0.36067								
-73.138	0.35646								
-73.802	0.35228								
-74.467	0.34815								
-75.132	0.34406								
-75.796	0.34000								
-76.461	0.33598								
-77.126	0.33199								
-77.790	0.32805								
-78.455	0.32414								
-79.120	0.32027								
-79.784	0.31644								
-80.449	0.31266								
-81.114	0.30891								
-81.778	0.30520								
-82.443	0.30154								
-83.107	0.29792								
-83.772	0.29435								
-84.437	0.29082								
-85.101	0.28734								
-85.766	0.28390								
-86.431	0.28051								
-87.095	0.27716								
-87.760	0.27387								
-88.425	0.27061								
-89.089	0.26740								
-89.754	0.26424								
-90.419	0.26111								
-91.083	0.25803								
-91.748	0.25498								
-92.413	0.25197								
-93.077	0.24899								
-93.742	0.24605								
-94.407	0.24313								
-95.071	0.24025								
-95.736	0.23738								
-96.401	0.23455								
-97.065	0.23173								
-97.730	0.22893								
-98.395	0.22615								
-99.059	0.22339								
-99.724	0.22065								
-100.39	0.21793								
-101.05	0.21522								
-101.72	0.21254								
-102.38	0.20987								
-103.05	0.20723								
-103.71	0.20461								
-104.38	0.20202								
-105.04	0.19946								
-105.71	0.19693								
-106.37	0.19443								
-107.04	0.19197								
-107.70	0.18956								
-108.36	0.18719								
-109.03	0.18486								
-109.69	0.18258								
-110.36	0.18036								
-111.02	0.17818								
-111.69	0.17606								
-112.35	0.17399								
-113.02	0.17197								
-113.68	0.17000								
-114.35	0.16809								
-115.01	0.16622								
-115.68	0.16440								
-116.34	0.16262								
-117.01	0.16088								
-117.67	0.15918								
-118.33	0.15751								
-119.00	0.15586								
-119.66	0.15424								
-120.33	0.15264								
-120.99	0.15106								
-121.66	0.14949								
-122.32	0.14792								
-122.99	0.14637								
-123.65	0.14481								
-124.32	0.14326								
-124.98	0.14170								
-125.65	0.14014								
-126.31	0.13859								
-126.97	0.13703								
-127.64	0.13547								
-128.30	0.13390								
-128.97	0.13234								
-129.63	0.13079								
-130.30	0.12924								
-130.96	0.12769								
-131.63	0.12616								
-132.29	0.12464								
-132.96	0.12313								
-133.62	0.12164								
-134.29	0.12016								
-134.95	0.11871								
-135.61	0.11728								
-136.28	0.11587								
-136.94	0.11448								
-137.61	0.11312								
-138.27	0.11177								
-138.94	0.11045								
-139.60	0.10916								
-140.27	0.10788								
-140.93	0.10661								
-141.60	0.10537								
-142.26	0.10414								
-142.93	0.10293								
-143.59	0.10173								
-144.26	0.10054								
-144.92	0.099360								
-145.59	0.098190								
-146.25	0.097030								
-146.91	0.095880								
-147.58	0.094730								
-148.24	0.093600								
-148.91	0.092480								
-149.57	0.091370								
-150.24	0.090280								
-150.90	0.089200								
-151.57	0.088140								
-152.23	0.087100								
-152.90	0.086080								
-153.56	0.085080								
-154.23	0.084110								
-154.89	0.083170								
-155.55	0.082250								
-156.22	0.081370								
-156.88	0.080520								
-157.55	0.079710								
-158.21	0.078930								
-158.88	0.078180								
-159.54	0.077470								
-160.21	0.076790								
-160.87	0.076150								
-161.54	0.075540								
-162.20	0.074970								
-162.87	0.074420								
-163.53	0.073910								
-164.19	0.073430								
-164.86	0.072980								
-165.52	0.072560								
-166.19	0.072170								
-166.85	0.071810								
-167.52	0.071480								
-168.18	0.071180								
-168.85	0.070920								
-169.51	0.070690								
-170.18	0.070500								
-170.84	0.070360								
-171.51	0.070250								
-172.17	0.070190								
-172.84	0.070180								
-173.50	0.070220								
-174.17	0.070310								
-174.83	0.070460								
-175.49	0.070680								
-176.16	0.070950								
-176.82	0.071280								
-177.49	0.071680								
-178.15	0.072150								
-178.82	0.072680								
-179.48	0.073270								
-180.15	0.073920								
-180.81	0.074640								
-181.48	0.075400								
-182.14	0.076230								
-182.81	0.077100								
-183.47	0.078010								
-184.13	0.078960								
-184.80	0.079950								
-185.46	0.080970								
-186.13	0.082010								
-186.79	0.083060								
-187.46	0.084130								
-188.12	0.085200								
-188.79	0.086280								
-189.45	0.087350								
-190.12	0.088420								
-190.78	0.089480								
-191.45	0.090530								
-192.11	0.091560								
-192.78	0.092580								
-193.44	0.093590								
-194.10	0.094570								
-194.77	0.095550								
-195.43	0.096500								
-196.10	0.097450								
-196.76	0.098380								
-197.43	0.099300								
-198.09	0.10022								
-198.76	0.10112								
-199.42	0.10202								
-200.09	0.10291								
-200.75	0.10380								
-201.42	0.10468								
-202.08	0.10556								
-202.75	0.10643								
-203.41	0.10729								
-204.07	0.10814								
-204.74	0.10898								
-205.40	0.10981								
-206.07	0.11062								
-206.73	0.11140								
-207.40	0.11216								
-208.06	0.11290								
-208.73	0.11360								
-209.39	0.11426								
-210.06	0.11489								
-210.72	0.11547								
-211.39	0.11601								
-212.05	0.11650								
-212.71	0.11695								
-213.38	0.11734								
-214.04	0.11769								
-214.71	0.11798								
-215.37	0.11823								
-216.04	0.11844								
-216.70	0.11860								
-217.37	0.11872								
-218.03	0.11881								
-218.70	0.11886								
-219.36	0.11889								
-220.03	0.11889								
-220.69	0.11888								
-221.36	0.11885								
-222.02	0.11881								
-222.68	0.11876								
-223.35	0.11871								
-224.01	0.11866								
-224.68	0.11861								
-225.34	0.11856								
-226.01	0.11852								
-226.67	0.11848								
-227.34	0.11844								
-228.00	0.11841								
-228.67	0.11838								
-229.33	0.11835								
-230.00	0.11832								
-230.66	0.11827								
-231.33	0.11822								
-231.99	0.11816								
-232.65	0.11808								
-233.32	0.11798								
-233.98	0.11785								
-234.65	0.11770								
-235.31	0.11752								
-235.98	0.11731								
-236.64	0.11706								
-237.31	0.11678								
-237.97	0.11647								
-238.64	0.11613								
-239.30	0.11575								
-239.97	0.11534								
-240.63	0.11490								
-241.29	0.11443								
-241.96	0.11394								
-242.62	0.11342								
-243.29	0.11289								
-243.95	0.11234								
-244.62	0.11178								
-245.28	0.11121								
-245.95	0.11063								
-246.61	0.11005								
-247.28	0.10947								
-247.94	0.10889								
-248.61	0.10832								
-249.27	0.10775								
-249.94	0.10718								
-250.60	0.10662								
-251.27	0.10607								
-251.93	0.10551								
-252.59	0.10497								
-253.26	0.10442								
-253.92	0.10388								
-254.59	0.10333								
-255.25	0.10278								
-255.92	0.10223								
-256.58	0.10167								
-257.25	0.10110								
-257.91	0.10053								
-258.58	0.099940								
-259.24	0.099350								
-259.91	0.098750								
-260.57	0.098140								
-261.23	0.097520								
-261.90	0.096890								
-262.56	0.096250								
-263.23	0.095620								
-263.89	0.094980								
-264.56	0.094340								
-265.22	0.093710								
-265.89	0.093080								
-266.55	0.092470								
-267.22	0.091860								
-267.88	0.091270								
-268.55	0.090690								
-269.21	0.090120								
-269.87	0.089580								
-270.54	0.089050								
-271.20	0.088540								
-271.87	0.088050								
-272.53	0.087580								
-273.20	0.087110								
-273.86	0.086670								
-274.53	0.086220								
-275.19	0.085790								
-275.86	0.085360								
-276.52	0.084930								
-277.19	0.084490								
-277.85	0.084050								
-278.52	0.083590								
-279.18	0.083120								
-279.85	0.082630								
-280.51	0.082110								
-281.17	0.081580								
-281.84	0.081020								
-282.50	0.080440								
-283.17	0.079830								
-283.83	0.079190								
-284.50	0.078530								
-285.16	0.077850								
-285.83	0.077150								
-286.49	0.076430								
-287.16	0.075700								
-287.82	0.074960								
-288.49	0.074210								
-289.15	0.073470								
-289.81	0.072730								
-290.48	0.072010								
-291.14	0.071290								
-291.81	0.070600								
-292.47	0.069930								
-293.14	0.069280								
-293.80	0.068670								
-294.47	0.068090								
-295.13	0.067540								
-295.80	0.067020								
-296.46	0.066540								
-297.13	0.066090								
-297.79	0.065680								
-298.46	0.065290								
-299.12	0.064940								
-299.78	0.064600								
-300.45	0.064290								
-301.11	0.063990								
-301.78	0.063710								
-302.44	0.063430								
-303.11	0.063150								
-303.77	0.062880								
-304.44	0.062590								
-305.10	0.062300								
-305.77	0.061990								
-306.43	0.061670								
-307.10	0.061320								
-307.76	0.060960								
-308.43	0.060570								
-309.09	0.060170								
-309.75	0.059740								
-310.42	0.059280								
-311.08	0.058810								
-311.75	0.058320								
-312.41	0.057810								
-313.08	0.057300								
-313.74	0.056770								
-314.41	0.056230								
-315.07	0.055690								
-315.74	0.055150								
-316.40	0.054610								
-317.07	0.054070								
-317.73	0.053540								
-318.39	0.053030								
-319.06	0.052520								
-319.72	0.052030								
-320.39	0.051550								
-321.05	0.051080								
-321.72	0.050630								
-322.38	0.050190								
-323.05	0.049770								
-323.71	0.049350								
-324.38	0.048950								
-325.04	0.048550								
-325.71	0.048160								
-326.37	0.047770								
-327.04	0.047390								
-327.70	0.047010								
-328.36	0.046620								
-329.03	0.046230								
-329.69	0.045850								
-330.36	0.045450								
-331.02	0.045050								
-331.69	0.044650								
-332.35	0.044250								
-333.02	0.043840								
-333.68	0.043440								
-334.35	0.043030								
-335.01	0.042630								
-335.68	0.042230								
-336.34	0.041830								
-337.01	0.041450								
-337.67	0.041080								
-338.33	0.040720								
-339.00	0.040380								
-339.66	0.040060								
-340.33	0.039760								
-340.99	0.039470								
-341.66	0.039210								
-342.32	0.038960								
-342.99	0.038740								
-343.65	0.038530								
-344.32	0.038340								
-344.98	0.038170								
-345.65	0.038010								
-346.31	0.037860								
-346.97	0.037710								
-347.64	0.037570								
-348.30	0.037430								
-348.97	0.037290								
-349.63	0.037150								
-350.30	0.036990								
-350.96	0.036830								
-351.63	0.036650								
-352.29	0.036460								
-352.96	0.036260								
-353.62	0.036030								
-354.29	0.035790								
-354.95	0.035540								
-355.62	0.035260								
-356.28	0.034980								
-356.94	0.034680								
-357.61	0.034370								
-358.27	0.034060								
-358.94	0.033740								
-359.60	0.033420								
-360.27	0.033100								
-360.93	0.032790								
-361.60	0.032480								
-362.26	0.032190								
-362.93	0.031910								
-363.59	0.031640								
-364.26	0.031390								
-364.92	0.031160								
-365.59	0.030950								
-366.25	0.030770								
-366.91	0.030600								
-367.58	0.030440								
-368.24	0.030310								
-368.91	0.030190								
-369.57	0.030090								
-370.24	0.029990								
-370.90	0.029910								
-371.57	0.029830								
-372.23	0.029750								
-372.90	0.029670								
-373.56	0.029590								
-374.23	0.029500								
-374.89	0.029400								
-375.55	0.029300								
-376.22	0.029180								
-376.88	0.029050								
-377.55	0.028910								
-378.21	0.028750								
-378.88	0.028590								
-379.54	0.028410								
-380.21	0.028230								
-380.87	0.028030								
-381.54	0.027830								
-382.20	0.027630								
-382.87	0.027430								
-383.53	0.027230								
-384.20	0.027030								
-384.86	0.026850								
-385.53	0.026670								
-386.19	0.026510								
-386.85	0.026360								
-387.52	0.026220								
-388.18	0.026110								
-388.85	0.026010								
-389.51	0.025930								
-390.18	0.025860								
-390.84	0.025820								
-391.51	0.025790								
-392.17	0.025780								
-392.84	0.025770								
-393.50	0.025780								
-394.17	0.025800								
-394.83	0.025830								
-395.49	0.025860								
-396.16	0.025890								
-396.82	0.025930								
-397.49	0.025960								
-398.15	0.025990								
-398.82	0.026020								
-399.48	0.026040								
-400.15	0.026050								
-400.81	0.026060								
-401.48	0.026060								
-402.14	0.026060								
-402.81	0.026050								
-403.47	0.026040								
-404.13	0.026030								
-404.80	0.026010								
-405.46	0.025990								
-406.13	0.025970								
-406.79	0.025950								
-407.46	0.025940								
-408.12	0.025930								
-408.79	0.025920								
-409.45	0.025910								
-410.12	0.025910								
-410.78	0.025920								
-411.45	0.025920								
-412.11	0.025930								
-412.78	0.025940								
-413.44	0.025950								
-414.11	0.025960								
-414.77	0.025960								
-415.43	0.025960								
-416.10	0.025960								
-416.76	0.025940								
-417.43	0.025920								
-418.09	0.025890								
-418.76	0.025850								
-419.42	0.025790								
-420.09	0.025730								
-420.75	0.025650								
-421.42	0.025560								
-422.08	0.025460								
-422.75	0.025360								
-423.41	0.025240								
-424.07	0.025120								
-424.74	0.025000								
-425.40	0.024880								
-426.07	0.024750								
-426.73	0.024630								
-427.40	0.024510								
-428.06	0.024400								
-428.73	0.024300								
-429.39	0.024200								
-430.06	0.024120								
-430.72	0.024040								
-431.39	0.023970								
-432.05	0.023920								
-432.72	0.023870								
-433.38	0.023820								
-434.04	0.023790								
-434.71	0.023750								
-435.37	0.023710								
-436.04	0.023670								
-436.70	0.023630								
-437.37	0.023570								
-438.03	0.023510								
-438.70	0.023430								
-439.36	0.023330								
-440.03	0.023220								
-440.69	0.023100								
-441.36	0.022950								
-442.02	0.022780								
-442.69	0.022600								
-443.35	0.022400								
-444.02	0.022180								
-444.68	0.021950								
-445.34	0.021720								
-446.01	0.021480								
-446.67	0.021230								
-447.34	0.020990								
-448.00	0.020750								
-448.67	0.020530								
-449.33	0.020320								
-450.00	0.020130								
-450.66	0.019960								
-451.33	0.019810								
-451.99	0.019700								
-452.65	0.019610								
-453.32	0.019550								
-453.98	0.019520								
-454.65	0.019520								
-455.31	0.019540								
-455.98	0.019600								
-456.64	0.019670								
-457.31	0.019760								
-457.97	0.019870								
-458.64	0.019990								
-459.30	0.020110								
-459.97	0.020240								
-460.63	0.020360								
-461.30	0.020470								
-461.96	0.020570								
-462.62	0.020650								
-463.29	0.020710								
-463.95	0.020750								
-464.62	0.020770								
-465.28	0.020760								
-465.95	0.020720								
-466.61	0.020660								
-467.28	0.020570								
-467.94	0.020460								
-468.61	0.020330								
-469.27	0.020180								
-469.94	0.020030								
-470.60	0.019860								
-471.27	0.019690								
-471.93	0.019510								
-472.60	0.019350								
-473.26	0.019180								
-473.92	0.019040								
-474.59	0.018900								
-475.25	0.018780								
-475.92	0.018680								
-476.58	0.018600								
-477.25	0.018540								
-477.91	0.018500								
-478.58	0.018470								
-479.24	0.018460								
-479.91	0.018470								
-480.57	0.018480								
-481.23	0.018500								
-481.90	0.018520								
-482.56	0.018540								
-483.23	0.018550								
-483.89	0.018550								
-484.56	0.018540								
-485.22	0.018520								
-485.89	0.018470								
-486.55	0.018400								
-487.22	0.018310								
-487.88	0.018200								
-488.55	0.018070								
-489.21	0.017910								
-489.88	0.017740								
-490.54	0.017550								
-491.20	0.017350								
-491.87	0.017140								
-492.53	0.016930								
-493.20	0.016710								
-493.86	0.016510								
-494.53	0.016310								
-495.19	0.016130								
-495.86	0.015960								
-496.52	0.015820								
-497.19	0.015710								
-497.85	0.015620								
-498.52	0.015560								
-499.18	0.015530								
-499.85	0.015540								
-500.51	0.015570								
-501.17	0.015630								
-501.84	0.015720								
-502.50	0.015820								
-503.17	0.015950								
-503.83	0.016090								
-504.50	0.016240								
-505.16	0.016400								
-505.83	0.016560								
-506.49	0.016710								
-507.16	0.016850								
-507.82	0.016980								
-508.49	0.017090								
-509.15	0.017180								
-509.81	0.017260								
-510.48	0.017300								
-511.14	0.017330								
-511.81	0.017320								
-512.47	0.017300								
-513.14	0.017250								
-513.80	0.017180								
-514.47	0.017090								
-515.13	0.016990								
-515.80	0.016880								
-516.46	0.016760								
-517.13	0.016630								
-517.79	0.016500								
-518.46	0.016370								
-519.12	0.016250								
-519.79	0.016130								
-520.45	0.016030								
-521.11	0.015930								
-521.78	0.015850								
-522.44	0.015770								
-523.11	0.015710								
-523.77	0.015660								
-524.44	0.015620								
-525.10	0.015590								
-525.77	0.015570								
-526.43	0.015550								
-527.10	0.015540								
-527.76	0.015520								
-528.43	0.015510								
-529.09	0.015490								
-529.75	0.015470								
-530.42	0.015450								
-531.08	0.015420								
-531.75	0.015390								
-532.41	0.015350								
-533.08	0.015310								
-533.74	0.015270								
-534.41	0.015220								
-535.07	0.015180								
-535.74	0.015140								
-536.40	0.015110								
-537.07	0.015080								
-537.73	0.015060								
-538.39	0.015050								
-539.06	0.015060								
-539.72	0.015080								
-540.39	0.015110								
-541.05	0.015160								
-541.72	0.015220								
-542.38	0.015290								
-543.05	0.015370								
-543.71	0.015460								
-544.38	0.015550								
-545.04	0.015640								
-545.71	0.015730								
-546.37	0.015810								
-547.04	0.015870								
-547.70	0.015910								
-548.37	0.015940								
-549.03	0.015940								
-549.69	0.015900								
-550.36	0.015840								
-551.02	0.015730								
-551.69	0.015600								
-552.35	0.015420								
-553.02	0.015210								
-553.68	0.014960								
-554.35	0.014680								
-555.01	0.014370								
-555.68	0.014030								
-556.34	0.013670								
-557.01	0.013300								
-557.67	0.012920								
-558.33	0.012540								
-559.00	0.012160								
-559.66	0.011790								
-560.33	0.011430								
-560.99	0.011100								
-561.66	0.010800								
-562.32	0.010520								
-562.99	0.010280								
-563.65	0.010080								
-564.32	0.0099100								
-564.98	0.0097800								
-565.65	0.0096800								
-566.31	0.0096200								
-566.98	0.0095900								
-567.64	0.0095800								
-568.30	0.0095900								
-568.97	0.0096200								
-569.63	0.0096600								
-570.30	0.0096900								
-570.96	0.0097200								
-571.63	0.0097400								
-572.29	0.0097400								
-572.96	0.0097100								
-573.62	0.0096600								
-574.29	0.0095700								
-574.95	0.0094400								
-575.62	0.0092800								
-576.28	0.0090700								
-576.95	0.0088200								
-577.61	0.0085400								
-578.28	0.0082200								
-578.94	0.0078600								
-579.60	0.0074800								
-580.27	0.0070800								
-580.93	0.0066600								
-581.60	0.0062300								
-582.26	0.0057900								
-582.93	0.0053700								
-583.59	0.0049500								
-584.26	0.0045500								
-584.92	0.0041800								
-585.59	0.0038400								
-586.25	0.0035300								
-586.91	0.0032600								
-587.58	0.0030300								
-588.24	0.0028500								
-588.91	0.0027100								
-589.57	0.0026200								
-590.24	0.0025700								
-590.90	0.0025600								
-591.57	0.0025900								
-592.23	0.0026500								
-592.90	0.0027400								
-593.56	0.0028500								
-594.23	0.0029900								
-594.89	0.0031300								
-595.56	0.0032900								
-596.22	0.0034400								
-596.88	0.0035900								
-597.55	0.0037400								
-598.21	0.0038700								
-598.88	0.0039800								
-599.54	0.0040800								
-600.21	0.0041500								
-600.87	0.0042000								
-601.54	0.0042300								
-602.20	0.0042300								
-602.87	0.0042100								
-603.53	0.0041600								
-604.20	0.0041000								
-604.86	0.0040200								
-605.53	0.0039200								
-606.19	0.0038000								
-606.86	0.0036800								
-607.52	0.0035500								
-608.18	0.0034100								
-608.85	0.0032700								
-609.51	0.0031300								
-610.18	0.0029900								
-610.84	0.0028600								
-611.51	0.0027300								
-612.17	0.0026100								
-612.84	0.0024900								
-613.50	0.0023900								
-614.17	0.0023000								
-614.83	0.0022200								
-615.49	0.0021400								
-616.16	0.0020800								
-616.82	0.0020300								
-617.49	0.0019900								
-618.15	0.0019600								
-618.82	0.0019400								
-619.48	0.0019300								
-620.15	0.0019300								
-620.81	0.0019500								
-621.48	0.0019700								
-622.14	0.0020000								
-622.81	0.0020400								
-623.47	0.0020900								
-624.14	0.0021500								
-624.80	0.0022200								
-625.46	0.0022900								
-626.13	0.0023800								
-626.79	0.0024600								
-627.46	0.0025600								
-628.12	0.0026600								
-628.79	0.0027600								
-629.45	0.0028500								
-630.12	0.0029500								
-630.78	0.0030400								
-631.45	0.0031300								
-632.11	0.0032000								
-632.78	0.0032600								
-633.44	0.0033100								
-634.11	0.0033500								
-634.77	0.0033600								
-635.44	0.0033600								
-636.10	0.0033300								
-636.76	0.0032900								
-637.43	0.0032300								
-638.09	0.0031400								
-638.76	0.0030400								
-639.42	0.0029200								
-640.09	0.0027800								
-640.75	0.0026300								
-641.42	0.0024800								
-642.08	0.0023200								
-642.75	0.0021500								
-643.41	0.0019900								
-644.07	0.0018400								
-644.74	0.0016900								
-645.40	0.0015600								
-646.07	0.0014500								
-646.73	0.0013500								
-647.40	0.0012800								
-648.06	0.0012400								
-648.73	0.0012200								
-649.39	0.0012200								
-650.06	0.0012600								
-650.72	0.0013100								
-651.39	0.0013900								
-652.05	0.0015000								
-652.72	0.0016200								
-653.38	0.0017500								
-654.05	0.0018900								
-654.71	0.0020400								
-655.37	0.0021900								
-656.04	0.0023400								
-656.70	0.0024800								
-657.37	0.0026000								
-658.03	0.0027100								
-658.70	0.0028000								
-659.36	0.0028700								
-660.03	0.0029200								
-660.69	0.0029400								
-661.36	0.0029400								
-662.02	0.0029100								
-662.69	0.0028600								
-663.35	0.0027800								
-664.02	0.0026900								
-664.68	0.0025900								
-665.34	0.0024700								
-666.01	0.0023400								
-666.67	0.0022200								
-667.34	0.0020900								
-668.00	0.0019800								
-668.67	0.0018700								
-669.33	0.0017800								
-670.00	0.0017100								
-670.66	0.0016600								
-671.33	0.0016300								
-671.99	0.0016300								
-672.65	0.0016500								
-673.32	0.0017000								
-673.98	0.0017800								
-674.65	0.0018700								
-675.31	0.0019900								
-675.98	0.0021300								
-676.64	0.0022800								
-677.31	0.0024500								
-677.97	0.0026200								
-678.64	0.0027900								
-679.30	0.0029600								
-679.97	0.0031200								
-680.63	0.0032800								
-681.30	0.0034200								
-681.96	0.0035500								
-682.63	0.0036600								
-683.29	0.0037500								
-683.95	0.0038200								
-684.62	0.0038800								
-685.28	0.0039100								
-685.95	0.0039300								
-686.61	0.0039300								
-687.28	0.0039100								
-687.94	0.0038900								
-688.61	0.0038600								
-689.27	0.0038300								
-689.94	0.0037900								
-690.60	0.0037600								
-691.27	0.0037400								
-691.93	0.0037200								
-692.60	0.0037200								
-693.26	0.0037300								
-693.92	0.0037500								
-694.59	0.0037900								
-695.25	0.0038500								
-695.92	0.0039200								
-696.58	0.0040000								
-697.25	0.0041000								
-697.91	0.0042000								
-698.58	0.0043100								
-699.24	0.0044300								
-699.91	0.0045500								
-700.57	0.0046600								
-701.24	0.0047700								
-701.90	0.0048700								
-702.56	0.0049600								
-703.23	0.0050400								
-703.89	0.0051000								
-704.56	0.0051500								
-705.22	0.0051700								
-705.89	0.0051800								
-706.55	0.0051700								
-707.22	0.0051500								
-707.88	0.0051100								
-708.55	0.0050500								
-709.21	0.0049900								
-709.88	0.0049200								
-710.54	0.0048400								
-711.21	0.0047700								
-711.87	0.0046900								
-712.54	0.0046200								
-713.20	0.0045600								
-713.86	0.0045000								
-714.53	0.0044700								
-715.19	0.0044400								
-715.86	0.0044300								
-716.52	0.0044400								
-717.19	0.0044700								
-717.85	0.0045100								
-718.52	0.0045700								
-719.18	0.0046500								
-719.85	0.0047400								
-720.51	0.0048400								
-721.17	0.0049500								
-721.84	0.0050700								
-722.50	0.0051900								
-723.17	0.0053100								
-723.83	0.0054300								
-724.50	0.0055500								
-725.16	0.0056600								
-725.83	0.0057600								
-726.49	0.0058600								
-727.16	0.0059400								
-727.82	0.0060200								
-728.49	0.0060800								
-729.15	0.0061400								
-729.82	0.0061800								
-730.48	0.0062100								
-731.14	0.0062400								
-731.81	0.0062500								
-732.47	0.0062700								
-733.14	0.0062700								
-733.80	0.0062800								
-734.47	0.0062800								
-735.13	0.0062900								
-735.80	0.0062900								
-736.46	0.0063000								
-737.13	0.0063100								
-737.79	0.0063200								
-738.46	0.0063300								
-739.12	0.0063500								
-739.79	0.0063600								
-740.45	0.0063800								
-741.12	0.0063900								
-741.78	0.0064100								
-742.44	0.0064100								
-743.11	0.0064200								
-743.77	0.0064100								
-744.44	0.0064000								
-745.10	0.0063800								
-745.77	0.0063500								
-746.43	0.0063100								
-747.10	0.0062600								
-747.76	0.0062000								
-748.43	0.0061200								
-749.09	0.0060400								
-749.76	0.0059500								
-750.42	0.0058500								
-751.08	0.0057500								
-751.75	0.0056400								
-752.41	0.0055400								
-753.08	0.0054300								
-753.74	0.0053300								
-754.41	0.0052300								
-755.07	0.0051300								
-755.74	0.0050500								
-756.40	0.0049700								
-757.07	0.0049100								
-757.73	0.0048600								
-758.40	0.0048200								
-759.06	0.0047900								
-759.72	0.0047800								
-760.39	0.0047700								
-761.05	0.0047800								
-761.72	0.0047900								
-762.38	0.0048200								
-763.05	0.0048400								
-763.71	0.0048800								
-764.38	0.0049100								
-765.04	0.0049400								
-765.71	0.0049700								
-766.37	0.0050000								
-767.04	0.0050200								
-767.70	0.0050300								
-768.37	0.0050400								
-769.03	0.0050300								
-769.70	0.0050200								
-770.36	0.0049900								
-771.02	0.0049600								
-771.69	0.0049100								
-772.35	0.0048500								
-773.02	0.0047900								
-773.68	0.0047100								
-774.35	0.0046300								
-775.01	0.0045500								
-775.68	0.0044500								
-776.34	0.0043600								
-777.01	0.0042600								
-777.67	0.0041600								
-778.33	0.0040600								
-779.00	0.0039500								
-779.66	0.0038500								
-780.33	0.0037500								
-780.99	0.0036500								
-781.66	0.0035600								
-782.32	0.0034600								
-782.99	0.0033700								
-783.65	0.0032800								
-784.32	0.0031900								
-784.98	0.0031000								
-785.65	0.0030100								
-786.31	0.0029300								
-786.98	0.0028500								
-787.64	0.0027700								
-788.31	0.0026900								
-788.97	0.0026200								
-789.63	0.0025500								
-790.30	0.0024900								
-790.96	0.0024300								
-791.63	0.0023700								
-792.29	0.0023300								
-792.96	0.0022900								
-793.62	0.0022600								
-794.29	0.0022500								
-794.95	0.0022400								
-795.62	0.0022400								
-796.28	0.0022500								
-796.95	0.0022700								
-797.61	0.0023000								
-798.28	0.0023400								
-798.94	0.0023800								
-799.60	0.0024300								
-800.27	0.0024900								
-800.93	0.0025400								
-801.60	0.0025900								
-802.26	0.0026500								
-802.93	0.0026900								
-803.59	0.0027300								
-804.26	0.0027600								
-804.92	0.0027700								
-805.59	0.0027800								
-806.25	0.0027600								
-806.91	0.0027400								
-807.58	0.0027000								
-808.24	0.0026400								
-808.91	0.0025700								
-809.57	0.0024800								
-810.24	0.0023800								
-810.90	0.0022800								
-811.57	0.0021600								
-812.23	0.0020400								
-812.90	0.0019200								
-813.56	0.0018100								
-814.23	0.0016900								
-814.89	0.0015900								
-815.56	0.0015000								
-816.22	0.0014200								
-816.89	0.0013600								
-817.55	0.0013100								
-818.21	0.0012900								
-818.88	0.0012800								
-819.54	0.0013000								
-820.21	0.0013400								
-820.87	0.0013900								
-821.54	0.0014700								
-822.20	0.0015500								
-822.87	0.0016500								
-823.53	0.0017500								
-824.20	0.0018600								
-824.86	0.0019700								
-825.53	0.0020700								
-826.19	0.0021600								
-826.86	0.0022400								
-827.52	0.0022900								
-828.18	0.0023300								
-828.85	0.0023500								
-829.51	0.0023400								
-830.18	0.0023000								
-830.84	0.0022300								
-831.51	0.0021300								
-832.17	0.0020100								
-832.84	0.0018600								
-833.50	0.0016900								
-834.17	0.0015000								
-834.83	0.0012900								
-835.50	0.0010700								
-836.16	0.00084565								
-836.82	0.00061865								
-837.49	0.00039519								
-838.15	0.00018038								
-838.82	-2.0841e-05								
-839.48	-0.00020388								
-840.15	-0.00036459								
-840.81	-0.00049939								
-841.48	-0.00060540								
-842.14	-0.00068045								
-842.81	-0.00072322								
-843.47	-0.00073321								
-844.14	-0.00071076								
-844.80	-0.00065705								
-845.47	-0.00057401								
-846.13	-0.00046432								
-846.80	-0.00033126								
-847.46	-0.00017865								
-848.12	-1.0697e-05								
-848.79	0.00016808								
-849.45	0.00035303								
-850.12	0.00053949								
-850.78	0.00072288								
-851.45	0.00089888								
-852.11	0.0010600								
-852.78	0.0012100								
-853.44	0.0013400								
-854.11	0.0014600								
-854.77	0.0015400								
-855.44	0.0016100								
-856.10	0.0016500								
-856.76	0.0016700								
-857.43	0.0016600								
-858.09	0.0016300								
-858.76	0.0015800								
-859.42	0.0015100								
-860.09	0.0014300								
-860.75	0.0013300								
-861.42	0.0012200								
-862.08	0.0011000								
-862.75	0.00097100								
-863.41	0.00084134								
-864.08	0.00071050								
-864.74	0.00058069								
-865.40	0.00045392								
-866.07	0.00033194								
-866.73	0.00021626								
-867.40	0.00010812								
-868.06	8.5678e-06								
-868.73	-8.1572e-05								
-869.39	-0.00016165								
-870.06	-0.00023113								
-870.72	-0.00028960								
-871.39	-0.00033669								
-872.05	-0.00037205								
-872.72	-0.00039536								
-873.38	-0.00040625								
-874.05	-0.00040430								
-874.71	-0.00038910								
-875.38	-0.00036016								
-876.04	-0.00031701								
-876.70	-0.00025918								
-877.37	-0.00018626								
-878.03	-9.7910e-05								
-878.70	6.0413e-06								
-879.36	0.00012561								
-880.03	0.00026054								
-880.69	0.00041033								
-881.36	0.00057414								
-882.02	0.00075078								
-882.69	0.00093870								
-883.35	0.0011400								
-884.02	0.0013400								
-884.68	0.0015500								
-885.34	0.0017600								
-886.01	0.0019700								
-886.67	0.0021700								
-887.34	0.0023700								
-888.00	0.0025500								
-888.67	0.0027200								
-889.33	0.0028600								
-890.00	0.0029900								
-890.66	0.0030900								
-891.33	0.0031700								
-891.99	0.0032200								
-892.66	0.0032300								
-893.32	0.0032200								
-893.99	0.0031900								
-894.65	0.0031200								
-895.31	0.0030300								
-895.98	0.0029200								
-896.64	0.0027900								
-897.31	0.0026400								
-897.97	0.0024900								
-898.64	0.0023300								
-899.30	0.0021600								
-899.97	0.0020100								
-900.63	0.0018600								
-901.30	0.0017200								
-901.96	0.0016100								
-902.63	0.0015200								
-903.29	0.0014500								
-903.96	0.0014100								
-904.62	0.0014000								
-905.28	0.0014300								
-905.95	0.0014800								
-906.61	0.0015700								
-907.28	0.0016800								
-907.94	0.0018200								
-908.61	0.0019800								
-909.27	0.0021600								
-909.94	0.0023600								
-910.60	0.0025600								
-911.27	0.0027700								
-911.93	0.0029800								
-912.60	0.0031700								
-913.26	0.0033600								
-913.92	0.0035300								
-914.59	0.0036900								
-915.25	0.0038200								
-915.92	0.0039200								
-916.58	0.0040000								
-917.25	0.0040400								
-917.91	0.0040700								
-918.58	0.0040600								
-919.24	0.0040300								
-919.91	0.0039800								
-920.57	0.0039100								
-921.24	0.0038200								
-921.90	0.0037300								
-922.57	0.0036300								
-923.23	0.0035200								
-923.89	0.0034300								
-924.56	0.0033400								
-925.22	0.0032600								
-925.89	0.0031900								
-926.55	0.0031500								
-927.22	0.0031200								
-927.88	0.0031200								
-928.55	0.0031400								
-929.21	0.0031700								
-929.88	0.0032300								
-930.54	0.0033100								
-931.21	0.0034000								
-931.87	0.0035000								
-932.54	0.0036100								
-933.20	0.0037200								
-933.86	0.0038300								
-934.53	0.0039300								
-935.19	0.0040200								
-935.86	0.0041000								
-936.52	0.0041500								
-937.19	0.0041900								
-937.85	0.0042000								
-938.52	0.0041800								
-939.18	0.0041400								
-939.85	0.0040700								
-940.51	0.0039700								
-941.17	0.0038500								
-941.84	0.0037100								
-942.50	0.0035500								
-943.17	0.0033700								
-943.83	0.0031900								
-944.50	0.0030000								
-945.16	0.0028100								
-945.83	0.0026300								
-946.49	0.0024600								
-947.16	0.0023000								
-947.82	0.0021600								
-948.49	0.0020400								
-949.15	0.0019600								
-949.82	0.0018900								
-950.48	0.0018600								
-951.15	0.0018600								
-951.81	0.0018800								
-952.47	0.0019300								
-953.14	0.0020100								
-953.80	0.0021100								
-954.47	0.0022200								
-955.13	0.0023500								
-955.80	0.0024800								
-956.46	0.0026200								
-957.13	0.0027500								
-957.79	0.0028800								
-958.46	0.0029900								
-959.12	0.0030900								
-959.79	0.0031700								
-960.45	0.0032300								
-961.12	0.0032600								
-961.78	0.0032600								
-962.44	0.0032300								
-963.11	0.0031800								
-963.77	0.0031000								
-964.44	0.0029900								
-965.10	0.0028600								
-965.77	0.0027200								
-966.43	0.0025600								
-967.10	0.0023900								
-967.76	0.0022100								
-968.43	0.0020400								
-969.09	0.0018700								
-969.76	0.0017000								
-970.42	0.0015600								
-971.08	0.0014300								
-971.75	0.0013200								
-972.41	0.0012300								
-973.08	0.0011700								
-973.74	0.0011400								
-974.41	0.0011400								
-975.07	0.0011700								
-975.74	0.0012200								
-976.40	0.0013000								
-977.07	0.0014000								
-977.73	0.0015100								
-978.40	0.0016500								
-979.06	0.0018000								
-979.73	0.0019500								
-980.39	0.0021100								
-981.06	0.0022700								
-981.72	0.0024200								
-982.38	0.0025600								
-983.05	0.0026900								
-983.71	0.0028000								
-984.38	0.0029000								
-985.04	0.0029700								
-985.71	0.0030300								
-986.37	0.0030600								
-987.04	0.0030600								
-987.70	0.0030400								
-988.37	0.0030000								
-989.03	0.0029400								
-989.70	0.0028500								
-990.36	0.0027600								
-991.02	0.0026400								
-991.69	0.0025100								
-992.35	0.0023700								
-993.02	0.0022300								
-993.68	0.0020800								
-994.35	0.0019300								
-995.01	0.0017800								
-995.68	0.0016300								
-996.34	0.0014900								
-997.01	0.0013500								
-997.67	0.0012300								
-998.34	0.0011100								
-999.00	0.00099771								
-999.66	0.00089814								
-1000.3	0.00080872								
-1001.0	0.00072933								
-1001.7	0.00065969								
-1002.3	0.00059934								
-1003.0	0.00054770								
-1003.7	0.00050413								
-1004.3	0.00046793								
-1005.0	0.00043843								
-1005.6	0.00041497								
-1006.3	0.00039695								
-1007.0	0.00038386								
-1007.6	0.00037529								
-1008.3	0.00037091								
-1009.0	0.00037050								
-1009.6	0.00037393								
-1010.3	0.00038116								
-1011.0	0.00039220								
-1011.6	0.00040713								
-1012.3	0.00042604								
-1013.0	0.00044905								
-1013.6	0.00047622								
-1014.3	0.00050762								
-1015.0	0.00054324								
-1015.6	0.00058302								
-1016.3	0.00062679								
-1016.9	0.00067433								
-1017.6	0.00072530								
-1018.3	0.00077932								
-1018.9	0.00083587								
-1019.6	0.00089441								
-1020.3	0.00095431								
-1020.9	0.0010100								
-1021.6	0.0010800								
-1022.3	0.0011400								
-1022.9	0.0011900								
-1023.6	0.0012500								
-1024.3	0.0013100								
-1024.9	0.0013600								
-1025.6	0.0014000								
-1026.3	0.0014500								
-1026.9	0.0014900								
-1027.6	0.0015200								
-1028.2	0.0015500								
-1028.9	0.0015800								
-1029.6	0.0016000								
-1030.2	0.0016100								
-1030.9	0.0016200								
-1031.6	0.0016300								
-1032.2	0.0016300								
-1032.9	0.0016300								
-1033.6	0.0016200								
-1034.2	0.0016100								
-1034.9	0.0015900								
-1035.6	0.0015700								
-1036.2	0.0015500								
-1036.9	0.0015200								
-1037.5	0.0014900								
-1038.2	0.0014500								
-1038.9	0.0014100								
-1039.5	0.0013700								
-1040.2	0.0013200								
-1040.9	0.0012700								
-1041.5	0.0012200								
-1042.2	0.0011600								
-1042.9	0.0011000								
-1043.5	0.0010400								
-1044.2	0.00097816								
-1044.9	0.00091301								
-1045.5	0.00084716								
-1046.2	0.00078130								
-1046.9	0.00071621								
-1047.5	0.00065270								
-1048.2	0.00059162								
-1048.8	0.00053383								
-1049.5	0.00048019								
-1050.2	0.00043154								
-1050.8	0.00038866								
-1051.5	0.00035229								
-1052.2	0.00032310								
-1052.8	0.00030164								
-1053.5	0.00028838								
-1054.2	0.00028368								
-1054.8	0.00028778								
-1055.5	0.00030082								
-1056.2	0.00032281								
-1056.8	0.00035366								
-1057.5	0.00039318								
-1058.2	0.00044111								
-1058.8	0.00049711								
-1059.5	0.00056078								
-1060.1	0.00063166								
-1060.8	0.00070928								
-1061.5	0.00079314								
-1062.1	0.00088275								
-1062.8	0.00097760								
-1063.5	0.0010800								
-1064.1	0.0011800								
-1064.8	0.0012900								
-1065.5	0.0014000								
-1066.1	0.0015100								
-1066.8	0.0016300								
-1067.5	0.0017500								
-1068.1	0.0018600								
-1068.8	0.0019800								
-1069.5	0.0021000								
-1070.1	0.0022200								
-1070.8	0.0023300								
-1071.4	0.0024500								
-1072.1	0.0025500								
-1072.8	0.0026600								
-1073.4	0.0027500								
-1074.1	0.0028400								
-1074.8	0.0029100								
-1075.4	0.0029800								
-1076.1	0.0030400								
-1076.8	0.0030800								
-1077.4	0.0031000								
-1078.1	0.0031100								
-1078.8	0.0031100								
-1079.4	0.0030800								
-1080.1	0.0030400								
-1080.8	0.0029800								
-1081.4	0.0029100								
-1082.1	0.0028200								
-1082.7	0.0027200								
-1083.4	0.0026000								
-1084.1	0.0024700								
-1084.7	0.0023400								
-1085.4	0.0022000								
-1086.1	0.0020500								
-1086.7	0.0019100								
-1087.4	0.0017700								
-1088.1	0.0016400								
-1088.7	0.0015200								
-1089.4	0.0014100								
-1090.1	0.0013200								
-1090.7	0.0012400								
-1091.4	0.0011900								
-1092.1	0.0011600								
-1092.7	0.0011600								
-1093.4	0.0011800								
-1094.0	0.0012300								
-1094.7	0.0013000								
-1095.4	0.0013900								
-1096.0	0.0015000								
-1096.7	0.0016400								
-1097.4	0.0017900								
-1098.0	0.0019400								
-1098.7	0.0021100								
-1099.4	0.0022800								
-1100.0	0.0024600								
-1100.7	0.0026200								
-1101.4	0.0027800								
-1102.0	0.0029200								
-1102.7	0.0030500								
-1103.4	0.0031500								
-1104.0	0.0032300								
-1104.7	0.0032900								
-1105.3	0.0033200								
-1106.0	0.0033200								
-1106.7	0.0033000								
-1107.3	0.0032500								
-1108.0	0.0031700								
-1108.7	0.0030700								
-1109.3	0.0029600								
-1110.0	0.0028200								
-1110.7	0.0026800								
-1111.3	0.0025300								
-1112.0	0.0023700								
-1112.7	0.0022200								
-1113.3	0.0020800								
-1114.0	0.0019500								
-1114.6	0.0018300								
-1115.3	0.0017400								
-1116.0	0.0016700								
-1116.6	0.0016200								
-1117.3	0.0016000								
-1118.0	0.0016100								
-1118.6	0.0016500								
-1119.3	0.0017200								
-1120.0	0.0018100								
-1120.6	0.0019200								
-1121.3	0.0020600								
-1122.0	0.0022100								
-1122.6	0.0023800								
-1123.3	0.0025500								
-1124.0	0.0027300								
-1124.6	0.0029000								
-1125.3	0.0030700								
-1126.0	0.0032300								
-1126.6	0.0033700								
-1127.3	0.0034900								
-1127.9	0.0035800								
-1128.6	0.0036500								
-1129.3	0.0036900								
-1129.9	0.0037000								
-1130.6	0.0036800								
-1131.3	0.0036400								
-1131.9	0.0035600								
-1132.6	0.0034600								
-1133.3	0.0033300								
-1133.9	0.0031800								
-1134.6	0.0030100								
-1135.2	0.0028300								
-1135.9	0.0026500								
-1136.6	0.0024600								
-1137.3	0.0022700								
-1137.9	0.0020800								
-1138.6	0.0019000								
-1139.2	0.0017400								
-1139.9	0.0015900								
-1140.6	0.0014600								
-1141.2	0.0013600								
-1141.9	0.0012700								
-1142.6	0.0012100								
-1143.2	0.0011700								
-1143.9	0.0011600								
-1144.6	0.0011700								
-1145.2	0.0012000								
-1145.9	0.0012400								
-1146.6	0.0013100								
-1147.2	0.0013800								
-1147.9	0.0014700								
-1148.5	0.0015700								
-1149.2	0.0016600								
-1149.9	0.0017600								
-1150.5	0.0018600								
-1151.2	0.0019500								
-1151.9	0.0020300								
-1152.5	0.0021100								
-1153.2	0.0021700								
-1153.9	0.0022200								
-1154.5	0.0022500								
-1155.2	0.0022700								
-1155.9	0.0022800								
-1156.5	0.0022700								
-1157.2	0.0022500								
-1157.9	0.0022100								
-1158.5	0.0021700								
-1159.2	0.0021100								
-1159.8	0.0020400								
-1160.5	0.0019700								
-1161.2	0.0018900								
-1161.8	0.0018100								
-1162.5	0.0017200								
-1163.2	0.0016400								
-1163.8	0.0015500								
-1164.5	0.0014600								
-1165.2	0.0013800								
-1165.8	0.0013000								
-1166.5	0.0012300								
-1167.2	0.0011600								
-1167.8	0.0011000								
-1168.5	0.0010400								
-1169.1	0.00099594								
-1169.8	0.00095735								
-1170.5	0.00092788								
-1171.1	0.00090813								
-1171.8	0.00089865								
-1172.5	0.00089997								
-1173.1	0.00091258								
-1173.8	0.00093690								
-1174.5	0.00097326								
-1175.1	0.0010200								
-1175.8	0.0010800								
-1176.5	0.0011600								
-1177.1	0.0012400								
-1177.8	0.0013400								
-1178.5	0.0014400								
-1179.1	0.0015600								
-1179.8	0.0016800								
-1180.5	0.0018100								
-1181.1	0.0019500								
-1181.8	0.0020800								
-1182.4	0.0022200								
-1183.1	0.0023500								
-1183.8	0.0024700								
-1184.4	0.0025900								
-1185.1	0.0026900								
-1185.8	0.0027800								
-1186.4	0.0028400								
-1187.1	0.0028900								
-1187.8	0.0029100								
-1188.4	0.0029100								
-1189.1	0.0028800								
-1189.8	0.0028200								
-1190.4	0.0027300								
-1191.1	0.0026200								
-1191.7	0.0024700								
-1192.4	0.0023100								
-1193.1	0.0021200								
-1193.7	0.0019000								
-1194.4	0.0016800								
-1195.1	0.0014400								
-1195.7	0.0011900								
-1196.4	0.00093344								
-1197.1	0.00068092								
-1197.7	0.00043402								
-1198.4	0.00019749								
-1199.1	-2.4172e-05								
-1199.7	-0.00022678								
-1200.4	-0.00040660								
-1201.1	-0.00056049								
-1201.7	-0.00068594								
-1202.4	-0.00078117								
-1203.0	-0.00084518								
-1203.7	-0.00087778								
-1204.4	-0.00087961								
-1205.0	-0.00085206								
-1205.7	-0.00079731								
-1206.4	-0.00071819								
-1207.0	-0.00061815								
-1207.7	-0.00050110								
-1208.4	-0.00037134								
-1209.0	-0.00023335								
-1209.7	-9.1757e-05								
-1210.4	4.8903e-05								
-1211.0	0.00018429								
-1211.7	0.00031037								
-1212.3	0.00042360								
-1213.0	0.00052095								
-1213.7	0.00060007								
-1214.4	0.00065933								
-1215.0	0.00069783								
-1215.7	0.00071546								
-1216.3	0.00071287								
-1217.0	0.00069145								
-1217.7	0.00065323								
-1218.3	0.00060086								
-1219.0	0.00053743								
-1219.7	0.00046645								
-1220.3	0.00039159								
-1221.0	0.00031666								
-1221.7	0.00024542								
-1222.3	0.00018141								
-1223.0	0.00012788								
-1223.7	8.7597e-05								
-1224.3	6.2812e-05								
-1225.0	5.5119e-05								
-1225.6	6.5412e-05								
-1226.3	9.3842e-05								
-1227.0	0.00013981								
-1227.6	0.00020197								
-1228.3	0.00027829								
-1229.0	0.00036607								
-1229.6	0.00046209								
-1230.3	0.00056269								
-1231.0	0.00066388								
-1231.6	0.00076150								
-1232.3	0.00085136								
-1233.0	0.00092936								
-1233.6	0.00099167								
-1234.3	0.0010300								
-1235.0	0.0010600								
-1235.6	0.0010500								
-1236.3	0.0010200								
-1236.9	0.00096785								
-1237.6	0.00088527								
-1238.3	0.00077682								
-1238.9	0.00064413								
-1239.6	0.00048966								
-1240.3	0.00031653								
-1240.9	0.00012852								
-1241.6	-7.0119e-05								
-1242.3	-0.00027473								
-1242.9	-0.00048042								
-1243.6	-0.00068219								
-1244.3	-0.00087512								
-1244.9	-0.0010500								
-1245.6	-0.0012200								
-1246.2	-0.0013600								
-1246.9	-0.0014700								
-1247.6	-0.0015600								
-1248.2	-0.0016100								
-1248.9	-0.0016400								
-1249.6	-0.0016300								
-1250.2	-0.0016000								
-1250.9	-0.0015300								
-1251.6	-0.0014400								
-1252.2	-0.0013200								
-1252.9	-0.0011800								
-1253.6	-0.0010200								
-1254.2	-0.00085309								
-1254.9	-0.00067374								
-1255.6	-0.00048947								
-1256.2	-0.00030455								
-1256.9	-0.00012302								
-1257.6	5.1350e-05								
-1258.2	0.00021526								
-1258.9	0.00036589								
-1259.5	0.00050102								
-1260.2	0.00061903								
-1260.9	0.00071897								
-1261.5	0.00080054								
-1262.2	0.00086407								
-1262.9	0.00091048								
-1263.5	0.00094122								
-1264.2	0.00095822								
-1264.9	0.00096373								
-1265.5	0.00096031								
-1266.2	0.00095063								
-1266.9	0.00093745								
-1267.5	0.00092345								
-1268.2	0.00091116								
-1268.8	0.00090284								
-1269.5	0.00090044								
-1270.2	0.00090550								
-1270.8	0.00091912								
-1271.5	0.00094190								
-1272.2	0.00097400								
-1272.8	0.0010200								
-1273.5	0.0010600								
-1274.2	0.0011200								
-1274.8	0.0011800								
-1275.5	0.0012500								
-1276.2	0.0013100								
-1276.8	0.0013800								
-1277.5	0.0014400								
-1278.2	0.0015000								
-1278.8	0.0015500								
-1279.5	0.0015900								
-1280.1	0.0016200								
-1280.8	0.0016400								
-1281.5	0.0016500								
-1282.1	0.0016400								
-1282.8	0.0016300								
-1283.5	0.0016000								
-1284.1	0.0015600								
-1284.8	0.0015100								
-1285.5	0.0014500								
-1286.1	0.0013900								
-1286.8	0.0013200								
-1287.5	0.0012500								
-1288.1	0.0011900								
-1288.8	0.0011300								
-1289.5	0.0010700								
-1290.1	0.0010200								
-1290.8	0.00098350								
-1291.5	0.00095741								
-1292.1	0.00094448								
-1292.8	0.00094565								
-1293.4	0.00096153								
-1294.1	0.00099231								
-1294.8	0.0010400								
-1295.4	0.0011000								
-1296.1	0.0011700								
-1296.8	0.0012600								
-1297.4	0.0013500								
-1298.1	0.0014600								
-1298.8	0.0015700								
-1299.4	0.0016900								
-1300.1	0.0018100								
-1300.8	0.0019300								
-1301.4	0.0020500								
-1302.1	0.0021800								
-1302.7	0.0022900								
-1303.4	0.0024100								
-1304.1	0.0025200								
-1304.7	0.0026200								
-1305.4	0.0027100								
-1306.1	0.0027900								
-1306.7	0.0028700								
-1307.4	0.0029300								
-1308.1	0.0029900								
-1308.7	0.0030300								
-1309.4	0.0030700								
-1310.1	0.0030900								
-1310.7	0.0031100								
-1311.4	0.0031100								
-1312.1	0.0031000								
-1312.7	0.0030800								
-1313.4	0.0030500								
-1314.0	0.0030100								
-1314.7	0.0029500								
-1315.4	0.0028900								
-1316.0	0.0028000								
-1316.7	0.0027100								
-1317.4	0.0026000								
-1318.0	0.0024900								
-1318.7	0.0023600								
-1319.4	0.0022100								
-1320.0	0.0020600								
-1320.7	0.0019000								
-1321.4	0.0017300								
-1322.0	0.0015600								
-1322.7	0.0013800								
-1323.3	0.0012100								
-1324.0	0.0010300								
-1324.7	0.00086243								
-1325.3	0.00070102								
-1326.0	0.00055071								
-1326.7	0.00041452								
-1327.3	0.00029532								
-1328.0	0.00019578								
-1328.7	0.00011828								
-1329.3	6.4843e-05								
-1330.0	3.7014e-05								
-1330.7	3.5844e-05								
-1331.3	6.1821e-05								
-1332.0	0.00011482								
-1332.7	0.00019410								
-1333.3	0.00029828								
-1334.0	0.00042537								
-1334.7	0.00057281								
-1335.3	0.00073749								
-1336.0	0.00091586								
-1336.6	0.0011000								
-1337.3	0.0013000								
-1338.0	0.0014900								
-1338.6	0.0016800								
-1339.3	0.0018700								
-1340.0	0.0020400								
-1340.6	0.0022000								
-1341.3	0.0023400								
-1342.0	0.0024500								
-1342.6	0.0025400								
-1343.3	0.0026100								
-1344.0	0.0026500								
-1344.6	0.0026600								
-1345.3	0.0026500								
-1346.0	0.0026100								
-1346.6	0.0025500								
-1347.3	0.0024700								
-1347.9	0.0023800								
-1348.6	0.0022700								
-1349.3	0.0021500								
-1349.9	0.0020200								
-1350.6	0.0019000								
-1351.3	0.0017700								
-1351.9	0.0016600								
-1352.6	0.0015500								
-1353.3	0.0014600								
-1353.9	0.0013800								
-1354.6	0.0013200								
-1355.3	0.0012800								
-1355.9	0.0012500								
-1356.6	0.0012500								
-1357.2	0.0012600								
-1357.9	0.0013000								
-1358.6	0.0013400								
-1359.2	0.0013900								
-1359.9	0.0014600								
-1360.6	0.0015200								
-1361.2	0.0015900								
-1361.9	0.0016600								
-1362.6	0.0017100								
-1363.2	0.0017600								
-1363.9	0.0017900								
-1364.6	0.0018100								
-1365.2	0.0018100								
-1365.9	0.0017800								
-1366.6	0.0017400								
-1367.2	0.0016800								
-1367.9	0.0015900								
-1368.6	0.0014800								
-1369.2	0.0013600								
-1369.9	0.0012200								
-1370.5	0.0010800								
-1371.2	0.00091921								
-1371.9	0.00075839								
-1372.5	0.00059763								
-1373.2	0.00044107								
-1373.9	0.00029275								
-1374.5	0.00015649								
-1375.2	3.5733e-05								
-1375.9	-6.6534e-05								
-1376.5	-0.00014792								
-1377.2	-0.00020668								
-1377.9	-0.00024180								
-1378.5	-0.00025300								
-1379.2	-0.00024080								
-1379.8	-0.00020643								
-1380.5	-0.00015185								
-1381.2	-7.9656e-05								
-1381.8	7.0011e-06								
-1382.5	0.00010454								
-1383.2	0.00020902								
-1383.8	0.00031635								
-1384.5	0.00042235								
-1385.2	0.00052296								
-1385.8	0.00061432								
-1386.5	0.00069296								
-1387.2	0.00075586								
-1387.8	0.00080061								
-1388.5	0.00082545								
-1389.2	0.00082934								
-1389.8	0.00081200								
-1390.5	0.00077395								
-1391.1	0.00071643								
-1391.8	0.00064140								
-1392.5	0.00055147								
-1393.1	0.00044979								
-1393.8	0.00033998								
-1394.5	0.00022596								
-1395.1	0.00011184								
-1395.8	1.7606e-06								
-1396.5	-0.00010022								
-1397.1	-0.00019032								
-1397.8	-0.00026512								
-1398.5	-0.00032170								
-1399.1	-0.00035777								
-1399.8	-0.00037170								
-1400.4	-0.00036266								
-1401.1	-0.00033060								
-1401.8	-0.00027625								
-1402.5	-0.00020117								
-1403.1	-0.00010764								
-1403.8	1.3633e-06								
-1404.4	0.00012231								
-1405.1	0.00025118								
-1405.8	0.00038359								
-1406.4	0.00051500								
-1407.1	0.00064078								
-1407.8	0.00075643								
-1408.4	0.00085768								
-1409.1	0.00094068								
-1409.8	0.0010000								
-1410.4	0.0010400								
-1411.1	0.0010500								
-1411.8	0.0010300								
-1412.4	0.00098980								
-1413.1	0.00091884								
-1413.7	0.00082244								
-1414.4	0.00070291								
-1415.1	0.00056338								
-1415.7	0.00040766								
-1416.4	0.00024013								
-1417.1	6.5638e-05								
-1417.7	-0.00011069								
-1418.4	-0.00028356								
-1419.1	-0.00044771								
-1419.7	-0.00059804								
-1420.4	-0.00072980								
-1421.1	-0.00083870								
-1421.7	-0.00092109								
-1422.4	-0.00097405								
-1423.1	-0.00099547								
-1423.7	-0.00098417								
-1424.4	-0.00093989								
-1425.0	-0.00086332								
-1425.7	-0.00075611								
-1426.4	-0.00062080								
-1427.0	-0.00046076								
-1427.7	-0.00028009								
-1428.4	-8.3495e-05								
-1429.0	0.00012381								
-1429.7	0.00033633								
-1430.4	0.00054835								
-1431.0	0.00075420								
-1431.7	0.00094834								
-1432.4	0.0011300								
-1433.0	0.0012800								
-1433.7	0.0014100								
-1434.3	0.0015100								
-1435.0	0.0015800								
-1435.7	0.0016200								
-1436.3	0.0016200								
-1437.0	0.0015900								
-1437.7	0.0015200								
-1438.3	0.0014300								
-1439.0	0.0013100								
-1439.7	0.0011600								
-1440.3	0.00099764								
-1441.0	0.00081921								
-1441.7	0.00063191								
-1442.3	0.00044127								
-1443.0	0.00025286								
-1443.7	7.2130e-05								
-1444.3	-9.5717e-05								
-1445.0	-0.00024591								
-1445.6	-0.00037421								
-1446.3	-0.00047705								
-1447.0	-0.00055165								
-1447.6	-0.00059605								
-1448.3	-0.00060919								
-1449.0	-0.00059092								
-1449.6	-0.00054201								
-1450.3	-0.00046407								
-1451.0	-0.00035958								
-1451.6	-0.00023172								
-1452.3	-8.4337e-05								
-1453.0	7.8232e-05								
-1453.6	0.00025127								
-1454.3	0.00042981								
-1454.9	0.00060880								
-1455.6	0.00078327								
-1456.3	0.00094845								
-1456.9	0.0011000								
-1457.6	0.0012300								
-1458.3	0.0013500								
-1458.9	0.0014400								
-1459.6	0.0015000								
-1460.3	0.0015400								
-1460.9	0.0015500								
-1461.6	0.0015300								
-1462.3	0.0014900								
-1462.9	0.0014300								
-1463.6	0.0013500								
-1464.3	0.0012500								
-1464.9	0.0011400								
-1465.6	0.0010200								
-1466.3	0.00089768								
-1466.9	0.00077576								
-1467.6	0.00065899								
-1468.2	0.00055154								
-1468.9	0.00045722								
-1469.6	0.00037940								
-1470.2	0.00032084								
-1470.9	0.00028364								
-1471.6	0.00026921								
-1472.2	0.00027814								
-1472.9	0.00031030								
-1473.6	0.00036475								
-1474.2	0.00043981								
-1474.9	0.00053315								
-1475.6	0.00064182								
-1476.2	0.00076238								
-1476.9	0.00089101								
-1477.6	0.0010200								
-1478.2	0.0011600								
-1478.9	0.0012800								
-1479.5	0.0014000								
-1480.2	0.0015100								
-1480.9	0.0016000								
-1481.5	0.0016800								
-1482.2	0.0017300								
-1482.9	0.0017600								
-1483.5	0.0017700								
-1484.2	0.0017600								
-1484.9	0.0017200								
-1485.5	0.0016700								
-1486.2	0.0016000								
-1486.9	0.0015100								
-1487.5	0.0014100								
-1488.2	0.0013100								
-1488.8	0.0012000								
-1489.5	0.0011000								
-1490.2	0.00099761								
-1490.8	0.00090889								
-1491.5	0.00083466								
-1492.2	0.00077854								
-1492.8	0.00074358								
-1493.5	0.00073220								
-1494.2	0.00074608								
-1494.8	0.00078605								
-1495.5	0.00085215								
-1496.2	0.00094348								
-1496.8	0.0010600								
-1497.5	0.0011900								
-1498.2	0.0013500								
-1498.8	0.0015200								
-1499.5	0.0016900								
-1500.2	0.0018700								
-1500.8	0.0020500								
-1501.5	0.0022300								
-1502.1	0.0023900								
-1502.8	0.0025400								
-1503.5	0.0026700								
-1504.1	0.0027700								
-1504.8	0.0028500								
-1505.5	0.0029000								
-1506.1	0.0029100								
-1506.8	0.0029000								
-1507.5	0.0028500								
-1508.1	0.0027700								
-1508.8	0.0026600								
-1509.5	0.0025200								
-1510.1	0.0023700								
-1510.8	0.0022000								
-1511.4	0.0020100								
-1512.1	0.0018200								
-1512.8	0.0016300								
-1513.4	0.0014500								
-1514.1	0.0012700								
-1514.8	0.0011200								
-1515.4	0.00098116								
-1516.1	0.00087118								
-1516.8	0.00079073								
-1517.4	0.00074260								
-1518.1	0.00072861								
-1518.8	0.00074962								
-1519.4	0.00080547								
-1520.1	0.00089494								
-1520.8	0.0010200								
-1521.4	0.0011700								
-1522.1	0.0013400								
-1522.7	0.0015300								
-1523.4	0.0017400								
-1524.1	0.0019600								
-1524.7	0.0021800								
-1525.4	0.0024000								
-1526.1	0.0026200								
-1526.7	0.0028200								
-1527.4	0.0030000								
-1528.1	0.0031600								
-1528.7	0.0033000								
-1529.4	0.0034100								
-1530.1	0.0034900								
-1530.7	0.0035400								
-1531.4	0.0035600								
-1532.0	0.0035600								
-1532.7	0.0035200								
-1533.4	0.0034600								
-1534.1	0.0033800								
-1534.7	0.0032900								
-1535.4	0.0031800								
-1536.0	0.0030600								
-1536.7	0.0029300								
-1537.4	0.0028100								
-1538.0	0.0026900								
-1538.7	0.0025800								
-1539.4	0.0024700								
-1540.0	0.0023800								
-1540.7	0.0023000								
-1541.4	0.0022300								
-1542.0	0.0021800								
-1542.7	0.0021400								
-1543.4	0.0021100								
-1544.0	0.0020900								
-1544.7	0.0020700								
-1545.3	0.0020600								
-1546.0	0.0020400								
-1546.7	0.0020200								
-1547.3	0.0019900								
-1548.0	0.0019500								
-1548.7	0.0018900								
-1549.3	0.0018100								
-1550.0	0.0017100								
-1550.7	0.0015900								
-1551.3	0.0014400								
-1552.0	0.0012800								
-1552.7	0.0010900								
-1553.3	0.00088200								
-1554.0	0.00066037								
-1554.7	0.00042747								
-1555.3	0.00018803								
-1556.0	-5.2662e-05								
-1556.6	-0.00028895								
-1557.3	-0.00051495								
-1558.0	-0.00072476								
-1558.6	-0.00091264								
-1559.3	-0.0010700								
-1560.0	-0.0012000								
-1560.6	-0.0012900								
-1561.3	-0.0013500								
-1562.0	-0.0013600								
-1562.6	-0.0013300								
-1563.3	-0.0012600								
-1564.0	-0.0011400								
-1564.6	-0.00098865								
-1565.3	-0.00080130								
-1565.9	-0.00058375								
-1566.6	-0.00034156								
-1567.3	-8.1016e-05								
-1567.9	0.00019107								
-1568.6	0.00046753								
-1569.3	0.00074109								
-1569.9	0.0010000								
-1570.6	0.0012500								
-1571.3	0.0014700								
-1571.9	0.0016700								
-1572.6	0.0018300								
-1573.3	0.0019500								
-1573.9	0.0020400								
-1574.6	0.0020800								
-1575.3	0.0020900								
-1575.9	0.0020500								
-1576.6	0.0019800								
-1577.3	0.0018800								
-1577.9	0.0017500								
-1578.6	0.0015900								
-1579.2	0.0014200								
-1579.9	0.0012400								
-1580.6	0.0010600								
-1581.2	0.00088297								
-1581.9	0.00071494								
-1582.6	0.00056309								
-1583.2	0.00043259								
-1583.9	0.00032772								
-1584.6	0.00025170								
-1585.2	0.00020661								
-1585.9	0.00019328								
-1586.6	0.00021131								
-1587.2	0.00025905								
-1587.9	0.00033368								
-1588.5	0.00043132								
-1589.2	0.00054715								
-1589.9	0.00067564								
-1590.5	0.00081066								
-1591.2	0.00094581								
-1591.9	0.0010700								
-1592.5	0.0011900								
-1593.2	0.0012900								
-1593.9	0.0013600								
-1594.5	0.0014100								
-1595.2	0.0014200								
-1595.9	0.0014000								
-1596.5	0.0013400								
-1597.2	0.0012500								
-1597.9	0.0011300								
-1598.5	0.00097318								
-1599.2	0.00079200								
-1599.8	0.00058958								
-1600.5	0.00037198								
-1601.2	0.00014599								
-1601.8	-8.1124e-05								
-1602.5	-0.00030188								
-1603.2	-0.00050881								
-1603.8	-0.00069473								
-1604.5	-0.00085301								
-1605.2	-0.00097783								
-1605.8	-0.0010600								
-1606.5	-0.0011100								
-1607.2	-0.0011100								
-1607.8	-0.0010600								
-1608.5	-0.00097521								
-1609.1	-0.00084367								
-1609.8	-0.00067343								
-1610.5	-0.00046945								
-1611.2	-0.00023791								
-1611.8	1.3954e-05								
-1612.5	0.00027813								
-1613.1	0.00054603								
-1613.8	0.00080879								
-1614.5	0.0010600								
-1615.1	0.0012800								
-1615.8	0.0014800								
-1616.5	0.0016400								
-1617.1	0.0017500								
-1617.8	0.0018200								
-1618.5	0.0018300								
-1619.1	0.0017900								
-1619.8	0.0017000								
-1620.5	0.0015500								
-1621.1	0.0013600								
-1621.8	0.0011200								
-1622.4	0.00084286								
-1623.1	0.00053638								
-1623.8	0.00020799								
-1624.4	-0.00013314								
-1625.1	-0.00047736								
-1625.8	-0.00081487								
-1626.4	-0.0011400								
-1627.1	-0.0014300								
-1627.8	-0.0016900								
-1628.4	-0.0019100								
-1629.1	-0.0020800								
-1629.8	-0.0022000								
-1630.4	-0.0022700								
-1631.1	-0.0022700								
-1631.8	-0.0022200								
-1632.4	-0.0021100								
-1633.1	-0.0019500								
-1633.7	-0.0017400								
-1634.4	-0.0014800								
-1635.1	-0.0012000								
-1635.7	-0.00088423								
-1636.4	-0.00055414								
-1637.1	-0.00021611								
-1637.7	0.00012044								
-1638.4	0.00044628								
-1639.1	0.00075266								
-1639.7	0.0010300								
-1640.4	0.0012800								
-1641.1	0.0014800								
-1641.7	0.0016400								
-1642.4	0.0017500								
-1643.0	0.0018100								
-1643.7	0.0018200								
-1644.4	0.0017800								
-1645.0	0.0017000								
-1645.7	0.0015800								
-1646.4	0.0014200								
-1647.0	0.0012300								
-1647.7	0.0010100								
-1648.4	0.00078588								
-1649.0	0.00054978								
-1649.7	0.00031373								
-1650.4	8.5220e-05								
-1651.0	-0.00012874								
-1651.7	-0.00032182								
-1652.4	-0.00048854								
-1653.0	-0.00062444								
-1653.7	-0.00072620								
-1654.4	-0.00079164								
-1655.0	-0.00081986								
-1655.7	-0.00081113								
-1656.3	-0.00076690								
-1657.0	-0.00068969								
-1657.7	-0.00058298								
-1658.3	-0.00045103								
-1659.0	-0.00029876								
-1659.7	-0.00013154								
-1660.3	4.5029e-05								
-1661.0	0.00022528								
-1661.7	0.00040368								
-1662.3	0.00057501								
-1663.0	0.00073453								
-1663.7	0.00087813								
-1664.3	0.0010000								
-1665.0	0.0011000								
-1665.6	0.0011800								
-1666.3	0.0012400								
-1667.0	0.0012700								
-1667.6	0.0012800								
-1668.3	0.0012600								
-1669.0	0.0012300								
-1669.6	0.0011800								
-1670.3	0.0011200								
-1671.0	0.0010400								
-1671.6	0.00096644								
-1672.3	0.00088783								
-1673.0	0.00081141								
-1673.6	0.00074058								
-1674.3	0.00067837								
-1675.0	0.00062734								
-1675.6	0.00058948								
-1676.3	0.00056619								
-1676.9	0.00055823								
-1677.6	0.00056575								
-1678.3	0.00058826								
-1678.9	0.00062473								
-1679.6	0.00067365								
-1680.3	0.00073305								
-1680.9	0.00080066								
-1681.6	0.00087399								
-1682.3	0.00095042								
-1682.9	0.0010300								
-1683.6	0.0011000								
-1684.3	0.0011700								
-1684.9	0.0012400								
-1685.6	0.0012900								
-1686.3	0.0013400								
-1686.9	0.0013700								
-1687.6	0.0014000								
-1688.3	0.0014100								
-1688.9	0.0014100								
-1689.6	0.0014000								
-1690.2	0.0013900								
-1690.9	0.0013600								
-1691.6	0.0013300								
-1692.2	0.0013000								
-1692.9	0.0012600								
-1693.6	0.0012200								
-1694.2	0.0011800								
-1694.9	0.0011400								
-1695.6	0.0011100								
-1696.2	0.0010800								
-1696.9	0.0010500								
-1697.5	0.0010400								
-1698.2	0.0010200								
-1698.9	0.0010100								
-1699.5	0.0010100								
-1700.2	0.0010100								
-1700.9	0.0010200								
-1701.5	0.0010200								
-1702.2	0.0010300								
-1702.9	0.0010400								
-1703.5	0.0010500								
-1704.2	0.0010600								
-1704.9	0.0010700								
-1705.5	0.0010800								
-1706.2	0.0010800								
-1706.9	0.0010900								
-1707.5	0.0010900								
-1708.2	0.0010900								
-1708.9	0.0010900								
-1709.5	0.0011000								
-1710.2	0.0011000								
-1710.8	0.0011100								
-1711.5	0.0011200								
-1712.2	0.0011400								
-1712.8	0.0011600								
-1713.5	0.0011900								
-1714.2	0.0012300								
-1714.8	0.0012800								
-1715.5	0.0013300								
-1716.2	0.0014000								
-1716.8	0.0014700								
-1717.5	0.0015500								
-1718.2	0.0016300								
-1718.8	0.0017200								
-1719.5	0.0018200								
-1720.1	0.0019100								
-1720.8	0.0020100								
-1721.5	0.0021000								
-1722.1	0.0021900								
-1722.8	0.0022800								
-1723.5	0.0023600								
-1724.1	0.0024300								
-1724.8	0.0024900								
-1725.5	0.0025400								
-1726.1	0.0025800								
-1726.8	0.0026100								
-1727.5	0.0026300								
-1728.1	0.0026400								
-1728.8	0.0026300								
-1729.5	0.0026200								
-1730.1	0.0026000								
-1730.8	0.0025800								
-1731.4	0.0025400								
-1732.1	0.0025100								
-1732.8	0.0024700								
-1733.4	0.0024200								
-1734.1	0.0023800								
-1734.8	0.0023400								
-1735.4	0.0022900								
-1736.1	0.0022500								
-1736.8	0.0022000								
-1737.4	0.0021600								
-1738.1	0.0021100								
-1738.8	0.0020600								
-1739.4	0.0020100								
-1740.1	0.0019500								
-1740.7	0.0018800								
-1741.4	0.0018100								
-1742.1	0.0017300								
-1742.8	0.0016400								
-1743.4	0.0015300								
-1744.1	0.0014200								
-1744.7	0.0012900								
-1745.4	0.0011500								
-1746.1	0.0010000								
-1746.7	0.00084375								
-1747.4	0.00067835								
-1748.1	0.00050785								
-1748.7	0.00033493								
-1749.4	0.00016264								
-1750.1	-5.6981e-06								
-1750.7	-0.00016661								
-1751.4	-0.00031654								
-1752.1	-0.00045198								
-1752.7	-0.00056960								
-1753.4	-0.00066637								
-1754.0	-0.00073967								
-1754.7	-0.00078743								
-1755.4	-0.00080817								
-1756.0	-0.00080111								
-1756.7	-0.00076624								
-1757.4	-0.00070435								
-1758.0	-0.00061700								
-1758.7	-0.00050656								
-1759.4	-0.00037611								
-1760.0	-0.00022944								
-1760.7	-7.0865e-05								
-1761.4	9.4811e-05								
-1762.0	0.00026249								
-1762.7	0.00042687								
-1763.4	0.00058268								
-1764.0	0.00072476								
-1764.7	0.00084829								
-1765.3	0.00094890								
-1766.0	0.0010200								
-1766.7	0.0010700								
-1767.3	0.0010800								
-1768.0	0.0010600								
-1768.7	0.0010000								
-1769.3	0.00091768								
-1770.0	0.00079973								
-1770.7	0.00065329								
-1771.3	0.00048183								
-1772.0	0.00028953								
-1772.7	8.1210e-05								
-1773.3	-0.00013784								
-1774.0	-0.00036205								
-1774.6	-0.00058568								
-1775.3	-0.00080307								
-1776.0	-0.0010100								
-1776.6	-0.0012000								
-1777.3	-0.0013700								
-1778.0	-0.0015100								
-1778.6	-0.0016200								
-1779.3	-0.0017100								
-1780.0	-0.0017600								
-1780.6	-0.0017900								
-1781.3	-0.0017800								
-1782.0	-0.0017400								
-1782.6	-0.0016800								
-1783.3	-0.0016000								
-1784.0	-0.0015000								
-1784.6	-0.0013800								
-1785.3	-0.0012600								
-1786.0	-0.0011300								
-1786.6	-0.0010100								
-1787.3	-0.00088563								
-1787.9	-0.00077604								
-1788.6	-0.00068063								
-1789.3	-0.00060250								
-1789.9	-0.00054396								
-1790.6	-0.00050648								
-1791.3	-0.00049056								
-1791.9	-0.00049582								
-1792.6	-0.00052094								
-1793.3	-0.00056375								
-1793.9	-0.00062129								
-1794.6	-0.00068997								
-1795.3	-0.00076566								
-1795.9	-0.00084388								
-1796.6	-0.00091994								
-1797.2	-0.00098914								
-1797.9	-0.0010500								
-1798.6	-0.0010900								
-1799.2	-0.0011100								
-1799.9	-0.0011100								
-1800.6	-0.0010900								
-1801.2	-0.0010400								
-1801.9	-0.00096408								
-1802.6	-0.00086247								
-1803.2	-0.00073658								
-1803.9	-0.00058882								
-1804.6	-0.00042246								
-1805.2	-0.00024150								
-1805.9	-5.0590e-05								
-1806.6	0.00014518								
-1807.2	0.00034044								
-1807.9	0.00052968								
-1808.5	0.00070750								
-1809.2	0.00086873								
-1809.9	0.0010100								
-1810.5	0.0011200								
-1811.2	0.0012100								
-1811.9	0.0012600								
-1812.5	0.0012900								
-1813.2	0.0012700								
-1813.9	0.0012300								
-1814.5	0.0011600								
-1815.2	0.0010500								
-1815.9	0.00092343								
-1816.5	0.00077402								
-1817.2	0.00060863								
-1817.9	0.00043263								
-1818.5	0.00025168								
-1819.2	7.1555e-05								
-1819.9	-0.00010203								
-1820.5	-0.00026362								
-1821.2	-0.00040822								
-1821.8	-0.00053140								
-1822.5	-0.00062950								
-1823.2	-0.00069967								
-1823.8	-0.00074005								
-1824.5	-0.00074972								
-1825.2	-0.00072878								
-1825.8	-0.00067833								
-1826.5	-0.00060038								
-1827.2	-0.00049781								
-1827.8	-0.00037423								
-1828.5	-0.00023384								
-1829.2	-8.1299e-05								
-1829.8	7.8451e-05								
-1830.5	0.00024039								
-1831.1	0.00039955								
-1831.8	0.00055124								
-1832.5	0.00069115								
-1833.1	0.00081555								
-1833.8	0.00092138								
-1834.5	0.0010100								
-1835.1	0.0010700								
-1835.8	0.0011100								
-1836.5	0.0011300								
-1837.1	0.0011200								
-1837.8	0.0011000								
-1838.5	0.0010600								
-1839.1	0.0010000								
-1839.8	0.00093660								
-1840.5	0.00086518								
-1841.1	0.00079141								
-1841.8	0.00071926								
-1842.4	0.00065251								
-1843.1	0.00059459								
-1843.8	0.00054845								
-1844.4	0.00051645								
-1845.1	0.00050023								
-1845.8	0.00050072								
-1846.4	0.00051802								
-1847.1	0.00055148								
-1847.8	0.00059966								
-1848.4	0.00066043								
-1849.1	0.00073106								
-1849.8	0.00080829								
-1850.4	0.00088852								
-1851.1	0.00096791								
-1851.7	0.0010400								
-1852.4	0.0011100								
-1853.1	0.0011600								
-1853.7	0.0012000								
-1854.4	0.0012200								
-1855.1	0.0012200								
-1855.7	0.0012000								
-1856.4	0.0011600								
-1857.1	0.0011000								
-1857.7	0.0010200								
-1858.4	0.00092539								
-1859.1	0.00081394								
-1859.7	0.00069211								
-1860.4	0.00056412								
-1861.1	0.00043457								
-1861.7	0.00030834								
-1862.4	0.00019037								
-1863.1	8.5497e-05								
-1863.7	-1.7161e-06								
-1864.4	-6.7169e-05								
-1865.0	-0.00010738								
-1865.7	-0.00011961								
-1866.4	-0.00010199								
-1867.0	-5.3612e-05								
-1867.7	2.5408e-05								
-1868.4	0.00013395								
-1869.0	0.00026987								
-1869.7	0.00043004								
-1870.4	0.00061047								
-1871.0	0.00080643								
-1871.7	0.0010100								
-1872.4	0.0012200								
-1873.0	0.0014300								
-1873.7	0.0016300								
-1874.4	0.0018200								
-1875.0	0.0019900								
-1875.7	0.0021300								
-1876.3	0.0022400								
-1877.0	0.0023200								
-1877.7	0.0023700								
-1878.3	0.0023800								
-1879.0	0.0023500								
-1879.7	0.0022900								
-1880.3	0.0021900								
-1881.0	0.0020600								
-1881.7	0.0019000								
-1882.3	0.0017200								
-1883.0	0.0015300								
-1883.7	0.0013200								
-1884.3	0.0011100								
-1885.0	0.00090098								
-1885.6	0.00070094								
-1886.3	0.00051579								
-1887.0	0.00035117								
-1887.6	0.00021199								
-1888.3	0.00010228								
-1889.0	2.5087e-05								
-1889.6	-1.7676e-05								
-1890.3	-2.5274e-05								
-1891.0	1.8178e-06								
-1891.6	6.1942e-05								
-1892.3	0.00015228								
-1893.0	0.00026899								
-1893.6	0.00040727								
-1894.3	0.00056158								
-1895.0	0.00072579								
-1895.6	0.00089339								
-1896.3	0.0010600								
-1897.0	0.0012100								
-1897.6	0.0013500								
-1898.3	0.0014700								
-1898.9	0.0015600								
-1899.6	0.0016100								
-1900.3	0.0016400								
-1900.9	0.0016200								
-1901.6	0.0015700								
-1902.3	0.0014900								
-1902.9	0.0013600								
-1903.6	0.0012100								
-1904.3	0.0010300								
-1904.9	0.00082082								
-1905.6	0.00059732								
-1906.3	0.00036303								
-1906.9	0.00012493								
-1907.6	-0.00010972								
-1908.2	-0.00033370								
-1908.9	-0.00054000								
-1909.6	-0.00072205								
-1910.2	-0.00087398								
-1910.9	-0.00099074								
-1911.6	-0.0010700								
-1912.2	-0.0011000								
-1912.9	-0.0011000								
-1913.6	-0.0010400								
-1914.2	-0.00094886								
-1914.9	-0.00081333								
-1915.6	-0.00064076								
-1916.2	-0.00043580								
-1916.9	-0.00020410								
-1917.6	4.7857e-05								
-1918.2	0.00031303								
-1918.9	0.00058394								
-1919.5	0.00085295								
-1920.2	0.0011100								
-1920.9	0.0013600								
-1921.5	0.0015700								
-1922.2	0.0017600								
-1922.9	0.0019200								
-1923.5	0.0020400								
-1924.2	0.0021100								
-1924.9	0.0021400								
-1925.5	0.0021300								
-1926.2	0.0020800								
-1926.9	0.0019800								
-1927.5	0.0018500								
-1928.2	0.0016800								
-1928.8	0.0014900								
-1929.5	0.0012800								
-1930.2	0.0010500								
-1930.8	0.00081040								
-1931.5	0.00057381								
-1932.2	0.00034382								
-1932.8	0.00012714								
-1933.5	-6.9991e-05								
-1934.2	-0.00024208								
-1934.8	-0.00038445								
-1935.5	-0.00049344								
-1936.2	-0.00056646								
-1936.8	-0.00060210								
-1937.5	-0.00060011								
-1938.2	-0.00056141								
-1938.8	-0.00048806								
-1939.5	-0.00038315								
-1940.2	-0.00025072								
-1940.8	-9.5549e-05								
-1941.5	7.6904e-05								
-1942.1	0.00026077								
-1942.8	0.00044993								
-1943.5	0.00063821								
-1944.1	0.00081956								
-1944.8	0.00098829								
-1945.5	0.0011400								
-1946.1	0.0012700								
-1946.8	0.0013700								
-1947.5	0.0014400								
-1948.1	0.0014900								
-1948.8	0.0015000								
-1949.5	0.0014800								
-1950.1	0.0014300								
-1950.8	0.0013500								
-1951.5	0.0012500								
-1952.1	0.0011200								
-1952.8	0.00098120								
-1953.4	0.00082791								
-1954.1	0.00066772								
-1954.8	0.00050588								
-1955.4	0.00034759								
-1956.1	0.00019786								
-1956.8	6.1297e-05								
-1957.4	-5.7979e-05								
-1958.1	-0.00015651								
-1958.8	-0.00023155								
-1959.4	-0.00028120								
-1960.1	-0.00030439								
-1960.8	-0.00030094								
-1961.4	-0.00027154								
-1962.1	-0.00021770								
-1962.7	-0.00014170								
-1963.4	-4.6500e-05								
-1964.1	6.4395e-05								
-1964.7	0.00018703								
-1965.4	0.00031715								
-1966.1	0.00045034								
-1966.7	0.00058216								
-1967.4	0.00070831								
-1968.1	0.00082477								
-1968.7	0.00092789								
-1969.4	0.0010100								
-1970.1	0.0010800								
-1970.7	0.0011300								
-1971.4	0.0011500								
-1972.1	0.0011500								
-1972.7	0.0011300								
-1973.4	0.0010900								
-1974.0	0.0010300								
-1974.7	0.00094630								
-1975.4	0.00084927								
-1976.0	0.00073933								
-1976.7	0.00061958								
-1977.4	0.00049323								
-1978.0	0.00036354								
-1978.7	0.00023366								
-1979.4	0.00010653								
-1980.0	-1.5181e-05								
-1980.7	-0.00012921								
-1981.4	-0.00023370								
-1982.0	-0.00032731								
-1982.7	-0.00040920								
-1983.3	-0.00047903								
-1984.0	-0.00053698								
-1984.7	-0.00058367								
-1985.3	-0.00062016								
-1986.0	-0.00064784								
-1986.7	-0.00066837								
-1987.3	-0.00068357								
-1988.0	-0.00069536								
-1988.7	-0.00070566								
-1989.3	-0.00071627								
-1990.0	-0.00072879								
-1990.7	-0.00074458								
-1991.3	-0.00076465								
-1992.0	-0.00078963								
-1992.7	-0.00081975								
-1993.3	-0.00085478								
-1994.0	-0.00089410								
-1994.7	-0.00093666								
-1995.3	-0.00098107								
-1996.0	-0.0010300								
-1996.6	-0.0010700								
-1997.3	-0.0011100								
-1998.0	-0.0011400								
-1998.6	-0.0011600								
-1999.3	-0.0011800								
-2000.0	-0.0011800								
-2000.6	-0.0011700								
-2001.3	-0.0011400								
-2002.0	-0.0011000								
-2002.6	-0.0010500								
-2003.3	-0.00097423								
-2004.0	-0.00088811								
-2004.6	-0.00078910								
-2005.3	-0.00067905								
-2005.9	-0.00056029								
-2006.6	-0.00043554								
-2007.3	-0.00030779								
-2007.9	-0.00018025								
-2008.6	-5.6247e-05								
-2009.3	6.0915e-05								
-2009.9	0.00016804								
-2010.6	0.00026216								
-2011.3	0.00034061								
-2011.9	0.00040118								
-2012.6	0.00044214								
-2013.3	0.00046234								
-2013.9	0.00046124								
-2014.6	0.00043892								
-2015.3	0.00039615								
-2015.9	0.00033429								
-2016.6	0.00025532								
-2017.2	0.00016176								
-2017.9	5.6561e-05								
-2018.6	-5.6914e-05								
-2019.2	-0.00017507								
-2019.9	-0.00029412								
-2020.6	-0.00041029								
-2021.2	-0.00051984								
-2021.9	-0.00061925								
-2022.6	-0.00070531								
-2023.2	-0.00077523								
-2023.9	-0.00082669								
-2024.6	-0.00085794								
-2025.2	-0.00086785								
-2025.9	-0.00085593								
-2026.6	-0.00082234								
-2027.2	-0.00076785								
-2027.9	-0.00069387								
-2028.6	-0.00060230								
-2029.2	-0.00049556								
-2029.9	-0.00037641								
-2030.5	-0.00024793								
-2031.2	-0.00011333								
-2031.9	2.4076e-05								
-2032.5	0.00016105								
-2033.2	0.00029451								
-2033.9	0.00042162								
-2034.5	0.00053990								
-2035.2	0.00064727								
-2035.9	0.00074217								
-2036.5	0.00082352								
-2037.2	0.00089079								
-2037.9	0.00094398								
-2038.5	0.00098362								
-2039.2	0.0010100								
-2039.8	0.0010300								
-2040.5	0.0010300								
-2041.2	0.0010300								
-2041.8	0.0010300								
-2042.5	0.0010200								
-2043.2	0.0010100								
-2043.8	0.00099673								
-2044.5	0.00099045								
-2045.2	0.00098860								
-2045.8	0.00099234								
-2046.5	0.0010000								
-2047.2	0.0010200								
-2047.8	0.0010400								
-2048.5	0.0010700								
-2049.2	0.0011000								
-2049.8	0.0011400								
-2050.5	0.0011800								
-2051.1	0.0012200								
-2051.8	0.0012500								
-2052.5	0.0012800								
-2053.1	0.0013000								
-2053.8	0.0013200								
-2054.5	0.0013200								
-2055.1	0.0013100								
-2055.8	0.0012900								
-2056.5	0.0012500								
-2057.1	0.0012000								
-2057.8	0.0011400								
-2058.5	0.0010700								
-2059.1	0.00097961								
-2059.8	0.00088464								
-2060.4	0.00078348								
-2061.1	0.00067898								
-2061.8	0.00057421								
-2062.4	0.00047244								
-2063.1	0.00037695								
-2063.8	0.00029096								
-2064.4	0.00021747								
-2065.1	0.00015921								
-2065.8	0.00011845								
-2066.4	9.6994e-05								
-2067.1	9.6041e-05								
-2067.8	0.00011617								
-2068.4	0.00015727								
-2069.1	0.00021857								
-2069.8	0.00029864								
-2070.4	0.00039538								
-2071.1	0.00050617								
-2071.8	0.00062789								
-2072.4	0.00075703								
-2073.1	0.00088982								
-2073.7	0.0010200								
-2074.4	0.0011500								
-2075.1	0.0012700								
-2075.7	0.0013800								
-2076.4	0.0014700								
-2077.1	0.0015500								
-2077.7	0.0016100								
-2078.4	0.0016500								
-2079.1	0.0016600								
-2079.7	0.0016600								
-2080.4	0.0016300								
-2081.1	0.0015900								
-2081.7	0.0015200								
-2082.4	0.0014500								
-2083.1	0.0013600								
-2083.7	0.0012700								
-2084.4	0.0011700								
-2085.0	0.0010800								
-2085.7	0.00098825								
-2086.4	0.00090608								
-2087.0	0.00083567								
-2087.7	0.00077990								
-2088.4	0.00074107								
-2089.0	0.00072083								
-2089.7	0.00072008								
-2090.4	0.00073896								
-2091.0	0.00077682								
-2091.7	0.00083225								
-2092.4	0.00090310								
-2093.0	0.00098660								
-2093.7	0.0010800								
-2094.3	0.0011800								
-2095.0	0.0012800								
-2095.7	0.0013700								
-2096.3	0.0014700								
-2097.0	0.0015400								
-2097.7	0.0016100								
-2098.3	0.0016600								
-2099.0	0.0016800								
-2099.7	0.0016900								
-2100.3	0.0016700								
-2101.0	0.0016300								
-2101.7	0.0015600								
-2102.3	0.0014700								
-2103.0	0.0013600								
-2103.7	0.0012400								
-2104.3	0.0011000								
-2105.0	0.00095307								
-2105.7	0.00080123								
-2106.3	0.00064943								
-2107.0	0.00050245								
-2107.6	0.00036493								
-2108.3	0.00024126								
-2109.0	0.00013536								
-2109.6	5.0580e-05								
-2110.3	-1.0436e-05								
-2111.0	-4.5874e-05								
-2111.6	-5.4798e-05								
-2112.3	-3.7195e-05								
-2113.0	5.9936e-06								
-2113.6	7.2937e-05								
-2114.3	0.00016093								
-2115.0	0.00026653								
-2115.6	0.00038562								
-2116.3	0.00051360								
-2116.9	0.00064551								
-2117.6	0.00077627								
-2118.3	0.00090076								
-2118.9	0.0010100								
-2119.6	0.0011100								
-2120.3	0.0011900								
-2120.9	0.0012500								
-2121.6	0.0012800								
-2122.3	0.0012800								
-2122.9	0.0012500								
-2123.6	0.0012000								
-2124.3	0.0011300								
-2124.9	0.0010300								
-2125.6	0.00090929								
-2126.3	0.00077533								
-2126.9	0.00063081								
-2127.6	0.00048098								
-2128.2	0.00033140								
-2128.9	0.00018776								
-2129.6	5.5618e-05								
-2130.2	-5.9720e-05								
-2130.9	-0.00015345								
-2131.6	-0.00022139								
-2132.2	-0.00026017								
-2132.9	-0.00026736								
-2133.6	-0.00024152								
-2134.2	-0.00018229								
-2134.9	-9.0432e-05								
-2135.6	3.2234e-05								
-2136.2	0.00018286								
-2136.9	0.00035765								
-2137.5	0.00055199								
-2138.2	0.00076061								
-2138.9	0.00097773								
-2139.6	0.0012000								
-2140.2	0.0014100								
-2140.9	0.0016200								
-2141.5	0.0018100								
-2142.2	0.0019800								
-2142.9	0.0021200								
-2143.5	0.0022400								
-2144.2	0.0023200								
-2144.9	0.0023700								
-2145.5	0.0023800								
-2146.2	0.0023600								
-2146.9	0.0023100								
-2147.5	0.0022300								
-2148.2	0.0021100								
-2148.9	0.0019800								
-2149.5	0.0018300								
-2150.2	0.0016600								
-2150.8	0.0014900								
-2151.5	0.0013100								
-2152.2	0.0011400								
-2152.8	0.00097026								
-2153.5	0.00081837								
-2154.2	0.00068361								
-2154.8	0.00056930								
-2155.5	0.00047790								
-2156.2	0.00041094								
-2156.8	0.00036898								
-2157.5	0.00035164								
-2158.2	0.00035762								
-2158.8	0.00038475								
-2159.5	0.00043013								
-2160.2	0.00049027								
-2160.8	0.00056116								
-2161.5	0.00063855								
-2162.1	0.00071802								
-2162.8	0.00079524								
-2163.5	0.00086608								
-2164.1	0.00092684								
-2164.8	0.00097432								
-2165.5	0.0010100								
-2166.1	0.0010200								
-2166.8	0.0010200								
-2167.5	0.00099274								
-2168.1	0.00095192								
-2168.8	0.00089482								
-2169.5	0.00082377								
-2170.1	0.00074171								
-2170.8	0.00065212								
-2171.4	0.00055884								
-2172.1	0.00046588								
-2172.8	0.00037734								
-2173.4	0.00029712								
-2174.1	0.00022886								
-2174.8	0.00017568								
-2175.4	0.00014011								
-2176.1	0.00012397								
-2176.8	0.00012822								
-2177.4	0.00015298								
-2178.1	0.00019744								
-2178.8	0.00025992								
-2179.4	0.00033791								
-2180.1	0.00042813								
-2180.8	0.00052665								
-2181.4	0.00062907								
-2182.1	0.00073064								
-2182.8	0.00082643								
-2183.4	0.00091160								
-2184.1	0.00098149								
-2184.7	0.0010300								
-2185.4	0.0010600								
-2186.1	0.0010600								
-2186.7	0.0010300								
-2187.4	0.00097775								
-2188.1	0.00089296								
-2188.7	0.00078033								
-2189.4	0.00064205								
-2190.1	0.00048136								
-2190.7	0.00030243								
-2191.4	0.00011027								
-2192.1	-8.9495e-05								
-2192.7	-0.00029072								
-2193.4	-0.00048700								
-2194.0	-0.00067187								
-2194.7	-0.00083904								
-2195.4	-0.00098259								
-2196.0	-0.0011000								
-2196.7	-0.0011800								
-2197.4	-0.0012200								
-2198.0	-0.0012300								
-2198.7	-0.0011900								
-2199.4	-0.0011100								
-2200.0	-0.00099883								
-2200.7	-0.00084624								
-2201.4	-0.00066078								
-2202.0	-0.00044737								
-2202.7	-0.00021189								
-2203.4	3.9019e-05								
-2204.0	0.00029815								
-2204.7	0.00055794								
-2205.3	0.00081076								
-2206.0	0.0010500								
-2206.7	0.0012700								
-2207.3	0.0014500								
-2208.0	0.0016100								
-2208.7	0.0017300								
-2209.3	0.0018000								
-2210.0	0.0018300								
-2210.7	0.0018200								
-2211.3	0.0017700								
-2212.0	0.0016700								
-2212.7	0.0015300								
-2213.3	0.0013700								
-2214.0	0.0011700								
-2214.7	0.00095126								
-2215.3	0.00071978								
-2216.0	0.00048206								
-2216.7	0.00024594								
-2217.3	1.9185e-05								
-2218.0	-0.00019077								
-2218.6	-0.00037706								
-2219.3	-0.00053360								
-2220.0	-0.00065532								
-2220.6	-0.00073826								
-2221.3	-0.00077976								
-2222.0	-0.00077850								
-2222.6	-0.00073456								
-2223.3	-0.00064938								
-2224.0	-0.00052574								
-2224.6	-0.00036765								
-2225.3	-0.00018019								
-2226.0	3.0620e-05								
-2226.6	0.00025806								
-2227.3	0.00049492								
-2227.9	0.00073371								
-2228.6	0.00096694								
-2229.3	0.0011900								
-2229.9	0.0013900								
-2230.6	0.0015600								
-2231.3	0.0017100								
-2231.9	0.0018200								
-2232.6	0.0018900								
-2233.3	0.0019200								
-2233.9	0.0019100								
-2234.6	0.0018500								
-2235.3	0.0017600								
-2235.9	0.0016400								
-2236.6	0.0014800								
-2237.3	0.0013000								
-2237.9	0.0011000								
-2238.6	0.00087952								
-2239.2	0.00065325								
-2239.9	0.00042530								
-2240.6	0.00020206								
-2241.2	-1.0370e-05								
-2241.9	-0.00020645								
-2242.6	-0.00038131								
-2243.2	-0.00053086								
-2243.9	-0.00065200								
-2244.6	-0.00074258								
-2245.2	-0.00080152								
-2245.9	-0.00082877								
-2246.6	-0.00082528								
-2247.2	-0.00079297								
-2247.9	-0.00073458								
-2248.5	-0.00065357								
-2249.2	-0.00055399								
-2249.9	-0.00044030								
-2250.5	-0.00031720								
-2251.2	-0.00018947								
-2251.9	-6.1770e-05								
-2252.5	6.1471e-05								
-2253.2	0.00017625								
-2253.9	0.00027910								
-2254.5	0.00036718								
-2255.2	0.00043839								
-2255.9	0.00049137								
-2256.5	0.00052558								
-2257.2	0.00054122								
-2257.9	0.00053926								
-2258.5	0.00052133								
-2259.2	0.00048964								
-2259.8	0.00044688								
-2260.5	0.00039610								
-2261.2	0.00034057								
-2261.8	0.00028365								
-2262.5	0.00022864								
-2263.2	0.00017865								
-2263.8	0.00013651								
-2264.5	0.00010462								
-2265.2	8.4877e-05								
-2265.8	7.8636e-05								
-2266.5	8.6625e-05								
-2267.2	0.00010895								
-2267.8	0.00014509								
-2268.5	0.00019395								
-2269.1	0.00025386								
-2269.8	0.00032271								
-2270.5	0.00039799								
-2271.1	0.00047693								
-2271.8	0.00055656								
-2272.5	0.00063388								
-2273.1	0.00070595								
-2273.8	0.00076997								
-2274.5	0.00082344								
-2275.1	0.00086423								
-2275.8	0.00089063								
-2276.5	0.00090145								
-2277.1	0.00089601								
-2277.8	0.00087423								
-2278.5	0.00083655								
-2279.1	0.00078396								
-2279.8	0.00071796								
-2280.5	0.00064045								
-2281.1	0.00055374								
-2281.8	0.00046039								
-2282.4	0.00036316								
-2283.1	0.00026493								
-2283.8	0.00016855								
-2284.4	7.6808e-05								
-2285.1	-7.7097e-06								
-2285.8	-8.2659e-05								
-2286.4	-0.00014602								
-2287.1	-0.00019615								
-2287.8	-0.00023180								
-2288.4	-0.00025218								
-2289.1	-0.00025691								
-2289.8	-0.00024603								
-2290.4	-0.00022000								
-2291.1	-0.00017961								
-2291.8	-0.00012598								
-2292.4	-6.0467e-05								
-2293.1	1.5381e-05								
-2293.7	9.9919e-05								
-2294.4	0.00019142								
-2295.1	0.00028820								
-2295.7	0.00038863								
-2296.4	0.00049119								
-2297.1	0.00059455								
-2297.7	0.00069756								
-2298.4	0.00079928								
-2299.1	0.00089897								
-2299.7	0.00099613								
-2300.4	0.0010900								
-2301.1	0.0011800								
-2301.7	0.0012700								
-2302.4	0.0013600								
-2303.0	0.0014400								
-2303.7	0.0015200								
-2304.4	0.0015900								
-2305.0	0.0016700								
-2305.7	0.0017400								
-2306.4	0.0018000								
-2307.0	0.0018700								
-2307.7	0.0019300								
-2308.4	0.0019800								
-2309.0	0.0020300								
-2309.7	0.0020600								
-2310.4	0.0020900								
-2311.0	0.0021100								
-2311.7	0.0021200								
-2312.4	0.0021100								
-2313.0	0.0020900								
-2313.7	0.0020500								
-2314.4	0.0019900								
-2315.0	0.0019200								
-2315.7	0.0018300								
-2316.3	0.0017300								
-2317.0	0.0016000								
-2317.7	0.0014600								
-2318.3	0.0013100								
-2319.0	0.0011400								
-2319.7	0.00096378								
-2320.3	0.00077795								
-2321.0	0.00058653								
-2321.7	0.00039242								
-2322.3	0.00019866								
-2323.0	8.3263e-06								
-2323.7	-0.00017550								
-2324.3	-0.00034987								
-2325.0	-0.00051201								
-2325.6	-0.00065941								
-2326.3	-0.00078988								
-2327.0	-0.00090163								
-2327.6	-0.00099329								
-2328.3	-0.0010600								
-2329.0	-0.0011100								
-2329.6	-0.0011400								
-2330.3	-0.0011500								
-2331.0	-0.0011300								
-2331.6	-0.0011000								
-2332.3	-0.0010500								
-2333.0	-0.00099063								
-2333.6	-0.00091406								
-2334.3	-0.00082692								
-2335.0	-0.00073156								
-2335.6	-0.00063035								
-2336.3	-0.00052554								
-2336.9	-0.00041926								
-2337.6	-0.00031341								
-2338.3	-0.00020969								
-2338.9	-0.00010950								
-2339.6	-1.3929e-05								
-2340.3	7.6201e-05								
-2340.9	0.00016039								
-2341.6	0.00023841								
-2342.3	0.00031027								
-2342.9	0.00037619								
-2343.6	0.00043657								
-2344.3	0.00049189								
-2344.9	0.00054270								
-2345.6	0.00058954								
-2346.2	0.00063292								
-2346.9	0.00067323								
-2347.6	0.00071072								
-2348.3	0.00074547								
-2348.9	0.00077739								
-2349.6	0.00080618								
-2350.2	0.00083133								
-2350.9	0.00085217								
-2351.6	0.00086787								
-2352.2	0.00087750								
-2352.9	0.00088005								
-2353.6	0.00087452								
-2354.2	0.00085992								
-2354.9	0.00083542								
-2355.6	0.00080033								
-2356.2	0.00075419								
-2356.9	0.00069682								
-2357.6	0.00062837								
-2358.2	0.00054933								
-2358.9	0.00046057								
-2359.5	0.00036332								
-2360.2	0.00025920								
-2360.9	0.00015014								
-2361.5	3.8383e-05								
-2362.2	-7.3579e-05								
-2362.9	-0.00018309								
-2363.5	-0.00028739								
-2364.2	-0.00038371								
-2364.9	-0.00046935								
-2365.5	-0.00054179								
-2366.2	-0.00059875								
-2366.9	-0.00063831								
-2367.5	-0.00065897								
-2368.2	-0.00065972								
-2368.9	-0.00064008								
-2369.5	-0.00060016								
-2370.2	-0.00054065								
-2370.8	-0.00046284								
-2371.5	-0.00036857								
-2372.2	-0.00026025								
-2372.8	-0.00014072								
-2373.5	-1.3243e-05								
-2374.2	0.00011863								
-2374.8	0.00025115								
-2375.5	0.00038045								
-2376.2	0.00050273								
-2376.8	0.00061430								
-2377.5	0.00071175								
-2378.2	0.00079204								
-2378.8	0.00085257								
-2379.5	0.00089134								
-2380.1	0.00090691								
-2380.8	0.00089857								
-2381.5	0.00086626								
-2382.1	0.00081063								
-2382.8	0.00073305								
-2383.5	0.00063548								
-2384.1	0.00052053								
-2384.8	0.00039126								
-2385.5	0.00025118								
-2386.1	0.00010409								
-2386.8	-4.6017e-05								
-2387.5	-0.00019511								
-2388.1	-0.00033919								
-2388.8	-0.00047450								
-2389.5	-0.00059755								
-2390.1	-0.00070529								
-2390.8	-0.00079518								
-2391.5	-0.00086528								
-2392.1	-0.00091428								
-2392.8	-0.00094156								
-2393.4	-0.00094722								
-2394.1	-0.00093202								
-2394.8	-0.00089739								
-2395.4	-0.00084536								
-2396.1	-0.00077849								
-2396.8	-0.00069977								
-2397.4	-0.00061255								
-2398.1	-0.00052037								
-2398.8	-0.00042690								
-2399.4	-0.00033577								
-2400.1	-0.00025047								
-2400.8	-0.00017422								
-2401.4	-0.00010990								
-2402.1	-5.9905e-05								
-2402.7	-2.6116e-05								
-2403.4	-9.8199e-06								
-2404.1	-1.1666e-05								
-2404.7	-3.1668e-05								
-2405.4	-6.9203e-05								
-2406.1	-0.00012304								
-2406.7	-0.00019138								
-2407.4	-0.00027193								
-2408.1	-0.00036200								
-2408.7	-0.00045856								
-2409.4	-0.00055839								
-2410.1	-0.00065816								
-2410.7	-0.00075454								
-2411.4	-0.00084434								
-2412.1	-0.00092459								
-2412.7	-0.00099264								
-2413.4	-0.0010500								
-2414.0	-0.0010800								
-2414.7	-0.0011000								
-2415.4	-0.0011100								
-2416.0	-0.0010900								
-2416.7	-0.0010600								
-2417.4	-0.0010000								
-2418.0	-0.00093804								
-2418.7	-0.00085852								
-2419.4	-0.00076793								
-2420.0	-0.00066881								
-2420.7	-0.00056389								
-2421.4	-0.00045597								
-2422.0	-0.00034786								
-2422.7	-0.00024223								
-2423.4	-0.00014155								
-2424.0	-4.7997e-05								
-2424.7	3.6594e-05								
-2425.4	0.00011082								
-2426.0	0.00017370								
-2426.7	0.00022475								
-2427.3	0.00026396								
-2428.0	0.00029178								
-2428.7	0.00030909								
-2429.3	0.00031719								
-2430.0	0.00031767								
-2430.7	0.00031241								
-2431.3	0.00030347								
-2432.0	0.00029299								
-2432.7	0.00028314								
-2433.3	0.00027601								
-2434.0	0.00027352								
-2434.7	0.00027737								
-2435.3	0.00028895								
-2436.0	0.00030930								
-2436.6	0.00033907								
-2437.3	0.00037848								
-2438.0	0.00042731								
-2438.6	0.00048492								
-2439.3	0.00055029								
-2440.0	0.00062199								
-2440.6	0.00069832								
-2441.3	0.00077728								
-2442.0	0.00085671								
-2442.6	0.00093435								
-2443.3	0.0010100								
-2444.0	0.0010800								
-2444.6	0.0011300								
-2445.3	0.0011800								
-2446.0	0.0012200								
-2446.6	0.0012400								
-2447.3	0.0012500								
-2447.9	0.0012500								
-2448.6	0.0012300								
-2449.3	0.0011900								
-2449.9	0.0011400								
-2450.6	0.0010800								
-2451.3	0.0010100								
-2451.9	0.00093508								
-2452.6	0.00084939								
-2453.3	0.00075941								
-2453.9	0.00066754								
-2454.6	0.00057622								
-2455.3	0.00048780								
-2455.9	0.00040452								
-2456.6	0.00032842								
-2457.2	0.00026127								
-2457.9	0.00020452								
-2458.6	0.00015926								
-2459.2	0.00012619								
-2459.9	0.00010561								
-2460.6	9.7408e-05								
-2461.2	0.00010106								
-2461.9	0.00011568								
-2462.6	0.00014005								
-2463.2	0.00017265								
-2463.9	0.00021172								
-2464.6	0.00025535								
-2465.2	0.00030149								
-2465.9	0.00034808								
-2466.6	0.00039308								
-2467.2	0.00043456								
-2467.9	0.00047073								
-2468.6	0.00050004								
-2469.2	0.00052120								
-2469.9	0.00053321								
-2470.5	0.00053541								
-2471.2	0.00052749								
-2471.9	0.00050947								
-2472.5	0.00048173								
-2473.2	0.00044495								
-2473.9	0.00040013								
-2474.5	0.00034849								
-2475.2	0.00029149								
-2475.9	0.00023072								
-2476.5	0.00016788								
-2477.2	0.00010473								
-2477.9	4.2998e-05								
-2478.5	-1.5655e-05								
-2479.2	-6.9683e-05								
-2479.9	-0.00011771								
-2480.5	-0.00015854								
-2481.2	-0.00019126								
-2481.8	-0.00021517								
-2482.5	-0.00022986								
-2483.2	-0.00023520								
-2483.8	-0.00023133								
-2484.5	-0.00021863								
-2485.2	-0.00019773								
-2485.8	-0.00016946								
-2486.5	-0.00013482								
-2487.2	-9.4964e-05								
-2487.8	-5.1105e-05								
-2488.5	-4.5222e-06								
-2489.2	4.3497e-05								
-2489.8	9.1707e-05								
-2490.5	0.00013892								
-2491.1	0.00018408								
-2491.8	0.00022624								
-2492.5	0.00026461								
-2493.1	0.00029859								
-2493.8	0.00032774								
-2494.5	0.00035181								
-2495.1	0.00037074								
-2495.8	0.00038463								
-2496.5	0.00039372								
-2497.1	0.00039840								
-2497.8	0.00039917								
-2498.5	0.00039659								
-2499.1	0.00039129								
-2499.8	0.00038392								
-2500.5	0.00037513								
-2501.1	0.00036554								
-2501.8	0.00035571								
-2502.5	0.00034613								
-2503.1	0.00033721								
-2503.8	0.00032926								
-2504.4	0.00032246								
-2505.1	0.00031691								
-2505.8	0.00031258								
-2506.4	0.00030937								
-2507.1	0.00030705								
-2507.8	0.00030534								
-2508.4	0.00030390								
-2509.1	0.00030235								
-2509.8	0.00030029								
-2510.4	0.00029729								
-2511.1	0.00029299								
-2511.8	0.00028703								
-2512.4	0.00027910								
-2513.1	0.00026897								
-2513.7	0.00025648								
-2514.4	0.00024157								
-2515.1	0.00022423								
-2515.7	0.00020457								
-2516.4	0.00018278								
-2517.1	0.00015912								
-2517.7	0.00013392								
-2518.4	0.00010758								
-2519.1	8.0549e-05								
-2519.7	5.3294e-05								
-2520.4	2.6314e-05								
-2521.1	9.5339e-08								
-2521.7	-2.4868e-05								
-2522.4	-4.8127e-05								
-2523.1	-6.9264e-05								
-2523.7	-8.7909e-05								
-2524.4	-0.00010376								
-2525.0	-0.00011656								
-2525.7	-0.00012616								
-2526.4	-0.00013244								
-2527.0	-0.00013538								
-2527.7	-0.00013503								
-2528.4	-0.00013149								
-2529.0	-0.00012494								
-2529.7	-0.00011560								
-2530.4	-0.00010374								
-2531.0	-8.9669e-05								
-2531.7	-7.3713e-05								
-2532.4	-5.6228e-05								
-2533.0	-3.7573e-05								
-2533.7	-1.8108e-05								
-2534.3	1.8051e-06								
-2535.0	2.1829e-05								
-2535.7	4.1638e-05								
-2536.3	6.0928e-05								
-2537.0	7.9424e-05								
-2537.7	9.6877e-05								
-2538.3	0.00011307								
-2539.0	0.00012783								
-2539.7	0.00014098								
-2540.3	0.00015243								
-2541.0	0.00016207								
-2541.7	0.00016984								
-2542.3	0.00017573								
-2543.0	0.00017975								
-2543.7	0.00018191								
-2544.3	0.00018229								
-2545.0	0.00018099								
-2545.6	0.00017813								
-2546.3	0.00017386								
-2547.0	0.00016837								
-2547.6	0.00016186								
-2548.3	0.00015459								
-2549.0	0.00014679								
-2549.6	0.00013877								
-2550.3	0.00013080								
-2551.0	0.00012320								
-2551.6	0.00011628								
-2552.3	0.00011035								
-2553.0	0.00010572								
-2553.6	0.00010264								
-2554.3	0.00010138								
-2555.0	0.00010214								
-2555.6	0.00010509								
-2556.3	0.00011032								
-2557.0	0.00011788								
-2557.6	0.00012772								
-2558.3	0.00013973								
-2558.9	0.00015370								
-2559.6	0.00016933								
-2560.3	0.00018627								
-2560.9	0.00020405								
-2561.6	0.00022214								
-2562.3	0.00023996								
-2562.9	0.00025684								
-2563.6	0.00027211								
-2564.3	0.00028506								
-2564.9	0.00029500								
-2565.6	0.00030124								
-2566.3	0.00030315								
-2566.9	0.00030016								
-2567.6	0.00029179								
-2568.2	0.00027768								
-2568.9	0.00025761								
-2569.6	0.00023147								
-2570.2	0.00019935								
-2570.9	0.00016151								
-2571.6	0.00011837								
-2572.2	7.0544e-05								
-2572.9	1.8810e-05								
-2573.6	-3.5882e-05								
-2574.2	-9.2447e-05								
-2574.9	-0.00014966								
-2575.6	-0.00020620								
-2576.2	-0.00026068								
-2576.9	-0.00031167								
-2577.6	-0.00035774								
-2578.2	-0.00039751								
-2578.9	-0.00042967								
-2579.5	-0.00045303								
-2580.2	-0.00046656								
-2580.9	-0.00046944								
-2581.5	-0.00046105								
-2582.2	-0.00044104								
-2582.9	-0.00040934								
-2583.5	-0.00036616								
-2584.2	-0.00031201								
-2584.9	-0.00024770								
-2585.5	-0.00017435								
-2586.2	-9.3318e-05								
-2586.9	-6.2352e-06								
-2587.5	8.5058e-05								
-2588.2	0.00017855								
-2588.8	0.00027209								
-2589.5	0.00036347								
-2590.2	0.00045042								
-2590.8	0.00053074								
-2591.5	0.00060230								
-2592.2	0.00066314								
-2592.8	0.00071150								
-2593.5	0.00074586								
-2594.2	0.00076502								
-2594.8	0.00076812								
-2595.5	0.00075469								
-2596.2	0.00072462								
-2596.8	0.00067824								
-2597.5	0.00061627								
-2598.2	0.00053985								
-2598.8	0.00045046								
-2599.5	0.00034995								
-2600.2	0.00024048								
-2600.8	0.00012445								
-2601.5	4.4396e-06								
-2602.1	-0.00011682								
-2602.8	-0.00023654								
-2603.5	-0.00035197								
-2604.1	-0.00046043								
-2604.8	-0.00055941								
-2605.5	-0.00064661								
-2606.1	-0.00072005								
-2606.8	-0.00077809								
-2607.5	-0.00081948								
-2608.1	-0.00084341								
-2608.8	-0.00084955								
-2609.5	-0.00083801								
-2610.1	-0.00080941								
-2610.8	-0.00076480								
-2611.4	-0.00070570								
-2612.1	-0.00063399								
-2612.8	-0.00055194								
-2613.4	-0.00046206								
-2614.1	-0.00036713								
-2614.8	-0.00027003								
-2615.4	-0.00017373								
-2616.1	-8.1172e-05								
-2616.8	4.8083e-06								
-2617.4	8.1559e-05								
-2618.1	0.00014668								
-2618.8	0.00019809								
-2619.4	0.00023411								
-2620.1	0.00025348								
-2620.8	0.00025543								
-2621.4	0.00023967								
-2622.1	0.00020642								
-2622.7	0.00015639								
-2623.4	9.0791e-05								
-2624.1	1.1260e-05								
-2624.7	-8.0164e-05								
-2625.4	-0.00018110								
-2626.1	-0.00028889								
-2626.7	-0.00040068								
-2627.4	-0.00051351								
-2628.1	-0.00062438								
-2628.7	-0.00073036								
-2629.4	-0.00082862								
-2630.1	-0.00091660								
-2630.7	-0.00099202								
-2631.4	-0.0010500								
-2632.1	-0.0011000								
-2632.7	-0.0011300								
-2633.4	-0.0011400								
-2634.1	-0.0011300								
-2634.7	-0.0011000								
-2635.4	-0.0010600								
-2636.0	-0.0010000								
-2636.7	-0.00093415								
-2637.4	-0.00085245								
-2638.0	-0.00076170								
-2638.7	-0.00066448								
-2639.4	-0.00056350								
-2640.0	-0.00046152								
-2640.7	-0.00036128								
-2641.4	-0.00026542								
-2642.0	-0.00017641								
-2642.7	-9.6429e-05								
-2643.4	-2.7397e-05								
-2644.0	2.9155e-05								
-2644.7	7.2086e-05								
-2645.3	0.00010068								
-2646.0	0.00011464								
-2646.7	0.00011412								
-2647.3	9.9695e-05								
-2648.0	7.2315e-05								
-2648.7	3.3286e-05								
-2649.3	-1.5772e-05								
-2650.0	-7.3017e-05								
-2650.7	-0.00013641								
-2651.3	-0.00020379								
-2652.0	-0.00027299								
-2652.7	-0.00034183								
-2653.3	-0.00040824								
-2654.0	-0.00047031								
-2654.7	-0.00052635								
-2655.3	-0.00057491								
-2656.0	-0.00061486								
-2656.6	-0.00064537								
-2657.3	-0.00066596								
-2658.0	-0.00067651								
-2658.6	-0.00067720								
-2659.3	-0.00066856								
-2660.0	-0.00065138								
-2660.6	-0.00062672								
-2661.3	-0.00059582								
-2662.0	-0.00056009								
-2662.6	-0.00052102								
-2663.3	-0.00048016								
-2664.0	-0.00043902								
-2664.6	-0.00039904								
-2665.3	-0.00036154								
-2665.9	-0.00032766								
-2666.6	-0.00029836								
-2667.3	-0.00027432								
-2667.9	-0.00025599								
-2668.6	-0.00024353								
-2669.3	-0.00023684								
-2669.9	-0.00023554								
-2670.6	-0.00023902								
-2671.3	-0.00024645								
-2671.9	-0.00025681								
-2672.6	-0.00026891								
-2673.3	-0.00028151								
-2673.9	-0.00029328								
-2674.6	-0.00030290								
-2675.3	-0.00030910								
-2675.9	-0.00031068								
-2676.6	-0.00030663								
-2677.3	-0.00029607								
-2677.9	-0.00027836								
-2678.6	-0.00025307								
-2679.2	-0.00022006								
-2679.9	-0.00017943								
-2680.6	-0.00013155								
-2681.2	-7.7043e-05								
-2681.9	-1.6786e-05								
-2682.6	4.8127e-05								
-2683.2	0.00011643								
-2683.9	0.00018668								
-2684.6	0.00025734								
-2685.2	0.00032681								
-2685.9	0.00039344								
-2686.6	0.00045563								
-2687.2	0.00051184								
-2687.9	0.00056064								
-2688.6	0.00060074								
-2689.2	0.00063105								
-2689.9	0.00065069								
-2690.5	0.00065903								
-2691.2	0.00065567								
-2691.9	0.00064051								
-2692.5	0.00061370								
-2693.2	0.00057566								
-2693.9	0.00052706								
-2694.5	0.00046882								
-2695.2	0.00040208								
-2695.9	0.00032816								
-2696.5	0.00024855								
-2697.2	0.00016484								
-2697.9	7.8747e-05								
-2698.5	-7.9894e-06								
-2699.2	-9.3620e-05								
-2699.8	-0.00017641								
-2700.5	-0.00025470								
-2701.2	-0.00032693								
-2701.8	-0.00039167								
-2702.5	-0.00044766								
-2703.2	-0.00049383								
-2703.8	-0.00052932								
-2704.5	-0.00055348								
-2705.2	-0.00056593								
-2705.8	-0.00056652								
-2706.5	-0.00055535								
-2707.2	-0.00053278								
-2707.8	-0.00049940								
-2708.5	-0.00045603								
-2709.2	-0.00040369								
-2709.8	-0.00034360								
-2710.5	-0.00027716								
-2711.2	-0.00020588								
-2711.8	-0.00013137								
-2712.5	-5.5344e-05								
-2713.1	2.0469e-05								
-2713.8	9.4347e-05								
-2714.5	0.00016459								
-2715.1	0.00022959								
-2715.8	0.00028784								
-2716.5	0.00033798								
-2717.1	0.00037883								
-2717.8	0.00040940								
-2718.5	0.00042898								
-2719.1	0.00043705								
-2719.8	0.00043339								
-2720.5	0.00041805								
-2721.1	0.00039137								
-2721.8	0.00035393								
-2722.4	0.00030662								
-2723.1	0.00025054								
-2723.8	0.00018704								
-2724.4	0.00011766								
-2725.1	4.4088e-05								
-2725.8	-3.1837e-05								
-2726.4	-0.00010822								
-2727.1	-0.00018313								
-2727.8	-0.00025463								
-2728.4	-0.00032085								
-2729.1	-0.00038005								
-2729.8	-0.00043063								
-2730.4	-0.00047117								
-2731.1	-0.00050050								
-2731.8	-0.00051771								
-2732.4	-0.00052219								
-2733.1	-0.00051361								
-2733.7	-0.00049196								
-2734.4	-0.00045757								
-2735.1	-0.00041104								
-2735.7	-0.00035328								
-2736.4	-0.00028545								
-2737.1	-0.00020895								
-2737.7	-0.00012536								
-2738.4	-3.6407e-05								
-2739.1	5.6088e-05								
-2739.7	0.00015027								
-2740.4	0.00024427								
-2741.1	0.00033631								
-2741.7	0.00042471								
-2742.4	0.00050795								
-2743.0	0.00058470								
-2743.7	0.00065388								
-2744.4	0.00071466								
-2745.1	0.00076649								
